smiles,logp,mw,tpsa,hbd,hba,rotbonds,qed,sas
COC(=O)c1cc([C@H]2CCCN2C(C)=O)nc2ccc(OC[C@@H](C)OC)cc12,3.118500000000002,386.44800000000015,77.96000000000001,0,6,6,0.7100922524176262,3.2441576843336737
CC[C@H](C#N)Oc1ccc(N2CCCCC2=O)cc1,2.8844800000000017,258.3209999999999,53.33,0,3,4,0.8340200896601961,2.707657142649005
CC(C)N(C[C@@H](C)CO)c1ccccc1,2.5298000000000007,207.31700000000004,23.47,1,2,5,0.8017004027568778,2.6589896606426002
COc1ccc(OC/C=C/C(=O)CNc2cccn2CC2CC2)cc1,3.5229000000000026,340.4230000000001,52.49,1,5,10,0.6724739789679323,2.7346012361766423
C/C(N)=[NH+]/C1CCN(C(=O)c2ccccc2)[C@H](C#N)C1,-0.3589199999999988,271.34400000000005,84.09,2,2,2,0.5689661757363341,3.9301430272010798
COc1cc(CNc2ccnc3ccc(F)cc23)sc1C,4.364520000000002,302.374,34.15,1,4,4,0.7770472233864952,2.373339005047553
Cc1ccc(C[NH+]2CCN(Cc3nc4ccccc4s3)CC2)cc1,2.505420000000001,338.5000000000001,20.57,1,3,4,0.788882753498925,3.181915360869758
Cc1cc([C@H](Cc2ccccc2)C2CC2)sc1C,5.101240000000003,256.414,0.0,0,1,4,0.7135286073297117,2.778557410938422
O=C(c1cccc(Cl)c1)N1CCN([C@H]2CCCC[C@H](CCO)C2)CC1,3.429100000000002,364.9170000000002,43.78,1,3,4,0.8322547050303134,2.84951720425002
COc1ccccc1/C=N/c1ccccc1OC,3.4544000000000015,241.28999999999996,30.82,0,3,4,0.7674326223177229,1.8841145384179505
Nc1cc(C(=O)N[C@H]2CCS[C@H]2CCOc2ccccc2Cl)ccc1F,4.134300000000004,394.899,64.35000000000001,2,4,6,0.7227236298180109,3.3225162995328814
COc1ccc(NC(=O)CSS(=O)(=O)c2ccccc2F)cc1,2.8949000000000016,355.41200000000003,72.47,1,5,6,0.8068681892497912,2.1546373691276806
COC[C@H](C)[C@H]([NH3+])C[NH+](C)C,-1.9760999999999964,162.27700000000002,41.31,2,1,5,0.4833847367939249,5.881743502172807
CC[C@H](C1[NH2+]CC[NH2+]1)C1CCN(CC(N)=O)CC1,-2.3235999999999946,256.39399999999995,79.55000000000001,3,2,5,0.516038669619383,4.664903112295889
C#CCOC(C)(C)CN[C@@H](C(=O)[O-])[C@H]1CCc2c(O)csc21,0.6199999999999997,322.406,81.62,2,6,7,0.7193625436257557,4.850028171413983
Cn1nc(C[C@H](O)Cc2ccccc2)cn1,0.9612,217.27200000000002,50.94,1,4,4,0.8295753156881129,2.8604378338931085
COc1ccccc1CN1CC[NH+](Cc2nc3ccccc3c(=O)[nH]2)CC1,0.8324000000000007,365.4570000000001,62.660000000000004,2,4,5,0.7032167139304906,3.197042417534224
CCCCN(CC)c1ccccc1,3.3130000000000024,177.291,3.24,0,1,5,0.6666257784837416,1.6254513924204677
C[C@@H]([NH2+][C@@H]1CC[NH+](Cc2ccncc2)C1)c1ccccc1,0.5634000000000019,283.41900000000004,33.94,2,1,5,0.8261315993546932,4.881585246141855
CCc1nc(S(=O)(=O)c2ccc(NC(=O)CCc3nn(C)c(=O)n3C)cc2)cs1,1.5417999999999994,435.5310000000001,115.94999999999999,1,9,7,0.6018131197168083,2.7640741522904566
CCCCC(=O)N1CC[NH+](C[C@H](c2ccc(Cl)cc2Cl)C2CC2)CC1,3.4043000000000028,384.3710000000002,24.750000000000004,1,1,7,0.7658766833505117,3.9290705708322644
O=C(NN1CC(=O)c2ccccc2C1=O)S[C@@H]1CC=CC1,2.4015000000000004,302.3550000000001,66.48,1,4,2,0.8519482781912313,3.2803405435090927
COc1ccc(OCC(=O)N(C)[C@H](C)[C@@H]2C[NH+]3CCCC[C@@H]32)cc1OC,0.9967000000000017,363.4780000000002,52.44,1,4,7,0.7852469906608359,4.422201866384134
Cc1cc2nc(NC[C@@H](O)c3cccs3)nc2c1,2.0255,259.334,56.980000000000004,2,5,3,0.8722559749225446,4.015273526497072
Cc1c(F)cccc1C(=O)N[C@@H](C)c1nccs1,3.081620000000002,264.325,41.99,1,3,3,0.9252775526276132,2.58438834306512
Cn1nccc1C[C@@H](CO)N1CCN([C@@H](C)c2noc(-c3ccccc3)n2)CC1,1.7522999999999995,396.4950000000002,83.45,1,8,7,0.6513468866065141,3.479396548935264
CCc1[nH+]sc(=O)c([C@H]2N(Cc3ccc(OC)cc3O)c(=O)c3ncn(CCc4ccccc4)c32)n1,2.778600000000001,504.59200000000027,111.69000000000001,1,8,8,0.39501204855593675,3.995316939157867
CSCCCc1coc(=O)n1CCC(=O)NCCC[NH+]1CCSC1=O,0.3850000000000016,388.5350000000002,85.75,2,7,11,0.5334519737007025,4.5214934186886335
Cc1ccc(Oc2ccccc2C)c(NC(=O)NC(N)=NC(C)C)n1,3.3353400000000004,341.4150000000001,101.63,3,4,4,0.5861340426380167,2.5785689619291503
CC[NH2+][C@H]1c2ccc(F)cc2O[C@H]1C,1.2309999999999999,196.24499999999998,25.84,1,1,2,0.7560719649883755,4.35369344725664
CC(C)(C)CN1C(=O)CN(C[C@H](O)c2ccsc2)c2ccccc21,3.6808000000000023,344.4800000000001,43.78,1,4,4,0.9200009281314161,3.1325255419587457
COc1ccc([C@@H](C)Nc2nccnc2SCc2cccs2)cc1,5.012100000000004,357.504,47.04,1,6,7,0.6021896617436185,2.8303930177665197
COc1cc(NC(=O)N2CCN(c3ccc(F)cc3C(F)(F)F)C(=S)C2)ccc1OC,4.543200000000004,457.4490000000001,54.040000000000006,1,4,4,0.5397320545371909,2.5738631606159714
Cc1ccc2cc(CC(=O)Nc3nccnc3O)sc2c1,2.886520000000001,299.3550000000001,75.11,2,5,3,0.7795014583557018,2.6393466973552453
C[NH+](C)C(=O)Nc1ccsc1Cl,1.0778999999999999,205.68999999999997,33.54,2,2,1,0.7070490312377724,4.173122811407838
Clc1ccc(O[C@@H](c2cccc(Br)c2)N2CCNC2=O)cc1,4.205300000000003,381.65700000000015,41.57,1,2,4,0.861951358433698,2.907422032501719
C[C@@H](C(=O)N1CCC(C)(C)C1)C(=O)N1CCCC1,1.5034,252.35799999999992,40.620000000000005,0,2,2,0.6988633833084388,2.9294205377275997
C[C@H](CCCOc1ccc(F)cc1Cl)c1cc([N+](=O)[O-])oc1Cl,5.596400000000004,362.1840000000001,65.51,0,4,7,0.3655041456278039,3.2112758109261597
CC1CC[C@H](C(=O)NC[C@@H]2CCOc3ccc(O)cc23)CC1,3.200800000000002,303.4020000000001,58.56,2,3,3,0.9012482450549162,2.835468186347873
CNC(=O)C[C@@H](C)NC(=O)NCc1ccc(C#N)cc1,0.8820799999999999,274.324,94.02000000000001,3,3,5,0.7436780489668946,2.5402213837933143
COc1cccc(/C=C/c2ccc(CNc3ccccn3)nc2)c1,4.267700000000002,317.392,47.04,1,4,6,0.7374048373566789,2.1652195862218697
CC(C)(C)Oc1ccc(-n2cccn2)cc1,3.0496000000000016,216.284,27.05,0,3,2,0.7710846585995285,1.9799207830406385
CCCc1cccc(NC[C@H](O)c2sc(C)c(C)c2C)n1,4.166360000000004,304.459,45.15,2,4,6,0.8417746211248688,3.1992565056751356
CCSCCNc1ccc2nc(C)ccc2c1,3.7082200000000025,246.37900000000002,24.92,1,3,5,0.814105368036615,2.1762505692816863
CC[C@@H](O)CN1Cc2ccccc2O[C@H]1C,1.9979,221.3,32.7,1,3,3,0.8470188691724446,3.3251379049601715
O=C(CCNC(=O)C[NH+](C)C(=O)Cc1cccs1)N[C@@H]1CCCN(c2ccccc2)C1,0.6234000000000028,443.5930000000002,82.95,3,5,9,0.5308257953832752,3.6912792006299684
O=C(NCCCOc1ccc(F)cc1C(F)(F)F)c1ccc(F)cc1,4.182500000000003,359.29400000000004,38.33,1,2,6,0.620678329356715,1.9186351826649375
CCN1C(=O)NC(=O)c2ccccc2N1C(=O)Nc1ccc(-c2cccc(F)c2)cc1,4.6315000000000035,418.4280000000001,81.75,2,3,3,0.6506370892605,2.574816990315684
CC[C@]1(C)SCC[C@]1([NH3+])C1CCCC1,2.4629000000000003,214.39799999999994,27.64,1,1,2,0.7511068672231214,4.6930520271382985
CNC(=O)C1CCCC1,0.9225999999999999,127.187,29.1,1,1,1,0.557310425805221,1.7426169303024803
[NH3+]CCn1c(C2CC2)nnc1Sc1ccccc1C(F)(F)F,2.5674,329.37100000000004,58.35,1,4,5,0.9170752645359497,3.054373294135056
CCCN(CC(=O)N1CCC[C@H]1CO)c1ccccc1,1.8862999999999992,276.38,43.78,1,3,6,0.8626111324403473,2.555039109225776
COC[C@](C)(NC(=O)c1ccc2c(c1)CN(C(=O)[C@@H](C)C(=O)Nc1ccccn1)[C@@H]CC2)C1CC1,3.3378900000000016,477.58500000000026,100.63000000000001,2,5,8,0.5682396647764629,3.99987473258955
CC[C@H](O)Cc1ccc(CO)cc1,1.4923,180.24699999999999,40.46,2,2,4,0.736683925429552,2.2255158978512615
C[C@H](Cc1nc2ccccc2o1)S(=O)(=O)c1ccc2c(c1)CCC2,3.7214000000000027,341.43200000000013,60.17,0,4,4,0.7254747872369766,2.8898709919662338
COC(=O)c1c(=O)[nH]c(-c2ccc(F)cc2)nc1-c1c(C)n(C)c1=O,1.5656,343.31400000000014,92.36000000000001,1,5,3,0.854135216690866,2.652412548393837
COc1ccc(S(=O)(=O)CSc2nc(-c3ccc(Cl)cc3)no2)cc1,3.922100000000003,396.877,82.29,0,7,6,0.5836368543652939,2.439536393273066
Cc1nncn1-c1cccc(S[C@@H](C)c2ncoc2C)c1,3.7254400000000025,300.38700000000006,56.74,0,6,4,0.687188932809414,3.5254220759669126
C(C[NH+]1C[C@@H](O)Cc2ccccc21)C1CC1,0.9201000000000006,218.31999999999996,24.67,2,1,3,0.7745729878088908,4.5696461323849205
CC(C)/C(=N\C(N)=O)C(F)(F)F,1.7244000000000002,182.14499999999998,55.449999999999996,1,1,1,0.6165161610515194,3.2920853279860864
Cn1cnnc1S(=O)(=O)c1ccccc1SCc1ncnn1C[C@H]1CCCO1,1.7107,420.52000000000027,104.79,0,10,7,0.5321301062122968,3.4819516412230476
CCn1c(C)c2c(ccn2-c2cccc(Cl)c2)n1,3.8087200000000028,259.73999999999995,22.75,0,3,2,0.6862350377479576,2.557080584362957
C[NH+](CC[NH+](C)COC(F)(F)F)C1CC1,-1.3278999999999965,228.25799999999992,18.11,2,1,6,0.5392468898642512,6.133955447824041
CNC(=O)NC1(c2ccc(Cl)cc2)CCC1,2.648200000000001,238.71799999999996,41.13,2,1,2,0.8173093175341904,2.242929943879801
CO[C@@H](C)c1ccc(O[C@@H](C)CNCc2ccccc2)cc1,3.951100000000003,299.414,30.490000000000002,1,3,8,0.8003156888265565,2.673682457128267
CC(C)(CS)CCOC(=O)[O-],0.6923999999999999,177.24499999999998,49.36,1,4,4,0.507523011219726,3.9015113253082188
CC(C)O[C@@](C)(C(=O)[O-])[NH+](C)C,-1.9779999999999964,175.228,53.8,1,3,4,0.5038680249753924,5.161161873706507
O=C(Nc1ccccc1OC1CCCCC1)NC1CCCCC1,4.852300000000004,316.4450000000001,50.36,2,2,4,0.8337560757125536,1.9763409041955526
CCc1cccc(/C=N\NC(=O)N(Cc2ccc(F)cc2)c2ccc(Cl)cc2)c1,5.791800000000005,409.89200000000005,44.7,1,2,6,0.4060122015712922,2.2412547268965746
Cc1cccc2ccc(N)cc12,2.7304200000000005,157.21599999999998,26.02,1,1,0,0.5844777191331019,1.685192692629558
COc1cc([C@H](S(=O)(=O)NCC2CC2)c2ccc(F)cc2F)ccc1O,3.0978000000000017,383.41600000000005,75.63000000000001,2,4,7,0.7704595323334242,3.034963762983237
O=C(CSc1ccccc1)NC1CCCCC1,3.2276000000000016,249.37899999999993,29.1,1,2,4,0.8300805847949008,1.6969810433790187
COCCN(C)S(=O)(=O)c1c(OC)cc(Cl)cc1OS(=O)(=O)c1cncc(Br)n1,1.9357000000000006,530.8060000000002,124.99000000000001,0,9,9,0.4471061109688562,3.1625998327638287
CCCOC(=O)CN1Cc2ccc(OC(F)F)cc2C1=O,2.197,299.273,55.839999999999996,0,4,6,0.7556518675593699,2.3712579440395967
CCOC[C@@](C)(O)CN1CCN(c2n[nH]c(C(N)=O)c2/Cc2ccno2)CC1,-0.0030999999999981043,392.4600000000002,133.74,3,8,9,0.5427856302401534,3.7410114919208723
CCN(CC[NH+](C)C)C(=O)[C@@H](C)Oc1cccc(C(N)=O)c1,-0.45419999999999705,308.40200000000004,77.07,2,3,8,0.6825145995795076,3.5369244724346682
CCOc1ccc(OCCN(C)[C@@H]2[C@@H]3CCSCC23)cc1,3.147400000000002,307.459,21.700000000000003,0,4,7,0.7712133834355182,3.500407895940496
CCN(Cc1ccc([N+](=O)[O-])c(C)c1)[C@@H](C#N)c1ccccc1F,4.129100000000004,327.359,70.16999999999999,0,4,6,0.5906547278751897,2.9601533574268597
CC(C)C1=C[C@H](NC(=O)Cc2cccc([N+](=O)[O-])c2)C1,2.608200000000001,274.32,72.24,1,3,5,0.5093500742777097,2.925595789387719
CCCCCc1ccccc1OCC,3.818000000000003,192.30199999999996,9.23,0,1,6,0.622533849716229,1.4878940472305988
CCOC(=O)/C([O-])=N/c1ccc(F)cc1S(=O)(=O)Nc1ccc2c(c1)OCCO2,1.3511,423.39800000000025,126.35,1,8,5,0.43694525647384663,2.920789707846012
O=C([O-])CSc1ccccn1,-0.07640000000000025,168.197,53.019999999999996,0,4,3,0.592417213776931,2.8124574082575275
CCOC(=O)[C@@H](C)C(=O)NCc1ccc(C(F)(F)F)cc1F,2.6599000000000013,321.27,55.400000000000006,1,3,5,0.5152470482606566,2.697747648265267
CCOc1ccc(NC(=O)N2CCC[C@H](CO)C2)cc1,2.3215000000000003,278.3519999999999,61.8,2,3,4,0.8882048575460724,2.269152469549663
COc1ccc(OC)c2ccccc12,2.857000000000001,188.226,18.46,0,2,2,0.7210537401799794,1.4135505856921373
CC(CCOC(F)(F)F)N1CCN(S(=O)(=O)c2ccccc2)CC1,2.3079,366.40500000000014,49.85,0,4,6,0.7753237027897425,2.714438672112175
CN(C)c1ccnc(NC(=O)N(C)Cc2ccccc2Cl)c1,3.464900000000002,318.808,48.470000000000006,1,3,4,0.9387666685854693,2.202843912041738
Cc1cc(C2=CCN(C(=O)N[C@H]3Cc4ccccc4O[C@@H](C)C3)cc2)cs1,4.7611200000000045,380.51300000000015,41.57000000000001,1,3,2,0.8159809958016514,3.8722761015090335
CC(C)[C@]1(OCCN(C)C2CC2)CC[NH2+]C1,0.45910000000000195,227.37199999999993,29.08,1,2,6,0.7140956535381308,4.579289658155803
CC1(C)CC[C@](C[NH3+])([NH2+]C2CCCC2)[C@H]1C1CCCS1,1.804900000000001,298.53999999999996,44.25,2,1,4,0.8166222601201641,5.445999670023677
NC(=S)[C@@H]1Cc2ccccc2N1,1.3093000000000001,178.26,38.05,2,2,1,0.6367072803186505,2.955704360833984
CS(=O)(=O)N1CCC(COCc2ccccc2)CC1,1.8748,283.3930000000001,46.61,0,3,5,0.8286074198360852,1.90817458455016
Cc1c(Cl)cccc1NC(=O)CCC[NH+]1CCCC1,2.0458199999999995,281.807,33.54,2,1,5,0.850916382604777,3.4126361230116977
CCCN1C(=O)CSCC1=O,0.49839999999999995,173.23699999999997,37.38,0,3,2,0.5705227378049464,2.4676280286049224
CC(=O)NCCCc1cnc(-c2ccc(C)cc2)s1,3.1872200000000017,274.389,41.99,1,3,5,0.8508071826390223,2.0876925332681076
CC[C@H](NC(=O)Nc1ccc(OCc2csc(C(F)F)n2)nc1[O-])c1ccccc1,4.401100000000002,433.46000000000004,99.2,2,6,8,0.5485487582875034,3.4172507688159204
O=C(NCCc1ccccc1[N+](=O)[O-])c1cccnc1,1.9623,271.276,85.13,1,4,5,0.6650486618867357,1.8710631638124902
Cn1c(S(=O)(=O)c2ccccc2Cl)c(N)n(F)c1=O,0.9878000000000002,305.718,87.09,1,6,2,0.8959738450555701,3.011750789678363
CCCCCc1cccc(C)c1NC(=O)C1CCCC1,4.856420000000004,273.42,29.1,1,1,6,0.7370113870439398,1.8711773338529767
COc1ccc(/C(C)=N/NC(=O)N2CCCC2)cc1,2.2246000000000006,261.32499999999993,53.93,1,3,3,0.6697600447948735,2.038841251216825
CC[NH+](Cc1ccc(C)cc1)C1CC[NH+](C[C@@H]2CC2)CC1,0.8571200000000014,288.4790000000001,8.88,2,0,6,0.7681546910678185,4.8903413067361425
O=C(NC[C@H](O)c1ccc(F)cc1)[NH+]1Cc2ncccc2NC1=O,0.5942999999999997,331.32700000000006,95.75999999999999,4,4,3,0.6620539377361657,4.117942324099596
Cc1cc(C)nc(NC(=O)Nc2cc(CC(C)C)cn2C)c1C,4.187860000000003,314.43300000000005,58.95,2,3,4,0.8887692396900287,2.7993750087058427
CC(C)c1cccc(C(=O)N2CC[C@H](N3CCCC3)CC2)c1,3.5104000000000024,300.446,23.550000000000004,0,2,3,0.8526114670437885,1.9562024780658778
O=C(NCc1cn[nH]c1)CCc1ccccc1F,1.7977999999999996,247.27299999999997,57.78,2,2,5,0.8460102682384227,2.083206254394282
CCOC(=O)[C@H]1CC[C@H](CCc2ncn(Cc3ccc(Br)cc3)c2)C1,4.6059000000000045,405.336,44.12,0,4,7,0.6324862738270225,3.1578114350192514
O=C(c1cccs1)NNC(=O)C[NH+]1CC[C@H]2CCCC[C@@H]21,0.3564999999999996,308.4270000000001,62.64,3,3,3,0.7060347479399541,4.452128955209096
OCC1=c2ccccc2=[NH+]C1,-2.456599999999999,148.18499999999995,34.2,2,1,1,0.4550729670574645,4.131922451681844
CSC[C@@H](C)N(C(=O)Cc1ccoc1Cc1ccncc1)C1CC1,3.5504000000000024,344.4800000000001,46.34,0,4,8,0.7345936760105902,3.3264329337329075
O=C1[C@H](c2ccccc2)CCN1Cc1ccccc1-c1ccccc1Cl,5.523100000000004,361.87199999999996,20.310000000000002,0,1,4,0.5984818981579967,2.510330940949821
CCCn1ccnn1,0.6880999999999999,111.14799999999998,30.71,0,3,2,0.5617398374798184,2.53383341392696
Cc1csc(=O)n1S(=O)(=O)c1ccc(OCc2ccccn2)c(F)c1,2.568320000000001,380.4220000000001,78.26,0,7,5,0.6797965750523727,2.51105431309972
C[C@H]1C[C@@H]1C(=O)N1CCc2c(Br)c(C(=O)[O-])ccc21,1.3577,323.16600000000005,60.44,0,3,2,0.8255575153691966,3.7726231695164483
CC1=C[C@H](C)C[C@@H]1NC(=O)N(C)c1ccco1,2.780100000000001,234.299,45.480000000000004,1,2,2,0.7996398560819967,3.9949519852658177
COc1ccc(CN(C)c2ncccn2)cc1F,2.2607,247.27300000000002,38.25,0,4,4,0.8302893212650427,2.0915321680733623
O=C1O/C(=S)S/C1=N/C(=C/c2ccccc2[N+](=O)[O-])c1ccccc1,4.066300000000003,370.4110000000001,81.8,0,7,4,0.2652912918903257,3.1310620704128294
Cc1ccc(OCC(=O)N2CCN(C(=O)c3ccc(C)cc3F)NC(C)(C)C2)c(F)c1,3.228240000000002,431.4830000000002,61.88,1,4,4,0.8076460343578612,2.7718191787155195
CCc1nnc(NC[C@@H](C)Nc2cccnc2)s1,2.4080000000000004,263.37,62.730000000000004,2,6,6,0.8376833685790703,2.9282599170296173
CC(NS(=O)(=O)c1ccccc1)c1nc(NC(=O)CC2CC2)ns1,2.3162000000000003,366.4680000000002,101.05,2,6,7,0.7829784352379585,3.0138950023491002
C[C@H]1C[NH+](C)CC[C@H]1N(C)c1ccc(Br)cc1C(=O)[O-],0.17190000000000083,341.24900000000014,47.81,1,3,3,0.8529336467801671,5.013314244922462
Cc1cccc(NC(=O)COc2ccc3c(c2)N(C)C(=O)CO3)[nH+]1,1.1818199999999996,328.34800000000007,82.01,1,4,4,0.9136263707938347,3.19087420670495
COC(=O)c1cc2c(cc1C(=O)N1CCCC1)N2,1.7662,246.26599999999993,68.55000000000001,1,4,2,0.6473073076972028,2.244304113774719
Cc1ncsc1CSCCNC(=O)NCC[NH+]1CCC(C)(C)CCCC1,2.4690200000000004,399.6500000000003,58.46,3,4,8,0.5887335734842314,4.327616967867427
COc1ccc(NS(=O)(=O)NCc2ccc(F)cc2OC)cc1N,1.8715999999999997,355.39100000000013,102.67999999999999,3,5,7,0.6581596046894299,2.261787349444564
C[C@@H](C[NH+]C(=O)Nc1ccccc1)[C@H]1CN(C)C1,0.7653999999999994,247.34199999999998,47.940000000000005,2,2,4,0.8252247701029941,3.6492877276805036
COc1ccc(N[C@@H]2CC(=O)N(C3CC3)C2)cc1OC,1.8789999999999998,276.336,50.8,1,4,5,0.891853455804701,2.5494438663107957
CCn1c(S2CC[NH+](Cc3ccc(OC)cc3)CC2)nc2cc(OC)ccc21,2.5321999999999996,400.5680000000002,40.72,2,4,6,0.6250099076634049,3.8547853224404403
O=C(c1cccs1)NCCC[NH+]1Cc2ccccc2N2CCCCC12,2.2831,356.51500000000016,36.78,2,3,5,0.8067507182777489,3.983369231277049
C[C@@H]1C[C@@H](O)CN(C(=O)c2ccccc2OCC(=O)Nc2nncs2)C1,1.3984999999999999,376.4380000000001,104.65,2,7,5,0.8172925001861416,3.107719418036
C[NH+]1CC[C@@H]([NH2+]Cc2ccco2)[C@H]2CC[C@@]21C,-0.20129999999999737,236.35899999999998,34.19,2,1,3,0.7486569637885702,5.823466807624494
Cc1ccccc1C(=O)Nc1nc2ccccc2s1,3.857020000000002,268.341,41.99,1,3,2,0.7665332746688359,1.628678873594449
O=C(c1nccs1)N1CCCN(C(=O)c2cccc(Cl)c2)CC1,2.7848000000000015,349.8430000000001,53.510000000000005,0,4,2,0.8373368326526432,2.117789423323483
Cc1cc(C(=O)Nc2ccc(NC(=O)c3cccc(Cl)c3)cc2)ccc1Cl,5.806420000000004,399.27700000000004,58.2,2,2,4,0.582081053066757,1.6786243424048237
COC(=O)[C@H]1S[C@@H](c2ccccc2)N(C(=O)c2ccc(C)cc2)N1,2.886520000000001,342.4200000000001,58.64,1,5,3,0.8693925680626821,3.320124903285116
Cc1ccc2c(c1)OC(c1ccccc1)=N[C@@H](c1cccc(C#N)c1)N2,4.816600000000004,339.3980000000001,57.41,1,4,2,0.7282663256322932,3.0320777020834235
COC(=O)[C@H]1C[C@@H]2CC[C@@H]1N(C)C(=O)CC2=O,0.3754999999999997,239.271,63.68,0,4,1,0.48982118758174154,4.500544293759342
Cc1ccc(Br)cc1OC(=O)Cc1c(Cl)nn(C)c1F,3.4316200000000014,361.598,44.12,0,4,3,0.6212943320643828,2.7586465646222056
Cc1nc(O[C@@H](C)C(=O)NCc2cnn(C)c2)ccc1Cl,1.8606199999999993,308.769,69.03999999999999,1,5,5,0.9151410912466942,2.9148875401578938
CCN1C[C@@H](O)C[NH+](Cc2ccc(C)nn2)C1,-1.1761799999999976,237.32699999999997,53.69,2,4,3,0.6950161696408876,4.698721972990858
C[C@@H](CNC(=O)N(C)C[C@H]1CC[NH+](C)C1)c1nccs1,0.4226000000000008,297.448,49.67,2,3,5,0.8276012228713003,4.764808200966418
C[NH+]1CCC[C@@H]([NH2+]C2CCCCC2)C1,-0.4403999999999979,198.35399999999993,21.05,2,0,2,0.600237091464876,5.847726525622927
Cc1ccc(C(=O)Nc2ccccc2N)cc1,2.8295200000000005,226.27900000000002,55.120000000000005,2,2,2,0.7734941962459961,1.4103752356867112
Fc1ccc(Cl)c(NC(=O)C(=O)NCCc2nc(-c3cnccc3)no2)c1C,2.5299200000000006,403.8010000000001,110.01,2,6,5,0.6332878808117895,2.5153820334650003
CC[C@H]([NH2+]C)C(N)=O,-1.556499999999999,117.172,59.699999999999996,2,1,3,0.46137903742911146,5.009733708926585
O=C(Nc1cccc(Cl)c1)Nc1cc(S(=O)(=O)N2CCCC2)ccc1F,3.907600000000002,397.8590000000002,78.51,2,3,4,0.8205496217711153,1.939180385143322
COc1cccc(Oc2nnc(SCC(=O)N3CCOCC3)s2)c1,2.2899000000000003,367.45200000000017,73.78,0,8,6,0.7253241384472459,2.3592202765174903
Clc1ccc(-n2cncn2)cc1,1.9206999999999992,179.61,30.71,0,3,1,0.6698561817700054,1.8183881548144303
OCCC1CCC(CC(=O)[O-])=NC(=O)C1,-0.7235000000000003,212.225,89.78999999999999,1,4,4,0.6652637865102609,4.047475214113519
COc1cc(NC(=O)[C@H](Cc2ccc(F)cc2)N2CCOCC2)c(Cl)cc1Cl,4.023100000000003,427.3030000000002,50.8,1,4,6,0.7569058840343146,2.6472091550172703
O=C(CNS(=O)(=O)c1ccc(F)cc1)c1ccc(F)cc1F,2.2651000000000003,329.29900000000004,63.24,1,3,5,0.8560854839310745,1.9906941264175249
COC(=O)c1ccc(N2CC[NH+](C(=O)c3cc(OC)ccc3C)c2)cc1,1.2930199999999994,355.4140000000001,60.28,1,5,4,0.8378990420678933,3.443661538254463
Cc1ccc(C(=O)N2CCOC[C@@H]2c2ccc(F)c(F)c2)cc1,3.4869200000000022,317.335,29.540000000000003,0,2,2,0.8484381619601892,2.5169015421180436
O=C(COc1cccc(Cl)c1)NCc1nc(Oc2ccccc2)cs1,4.2840000000000025,374.84900000000005,60.45,1,5,7,0.669985145276827,2.1732168842272213
COc1ccccc1C(=O)NCc1ccccc1OC,2.633800000000001,271.31600000000003,47.56,1,3,5,0.90904471270419,1.4877846213023709
CC(C)N(CC[NH+]1CCCCC1)Cc1cc(F)c2c(c1)COC2,2.1350999999999996,321.46000000000004,16.91,1,2,6,0.8644186043313098,3.9668446680787293
COc1cccc(COc2ccccc2)c1,3.2742000000000013,214.264,18.46,0,2,4,0.7772289538151201,1.2940767895872831
COCc1nc(C(=O)NNC(=O)[C@@H]2CCCC[C@@H]2N2CCCCCC2)sc1C,2.7937200000000004,408.56800000000027,83.55999999999999,2,6,5,0.7322146176375887,3.4742367819668116
COc1ccc2[nH]c(/N=C\c3ccc(C(=O)N(C)c4cccc(Cl)c4)cc3)cc2c1C,6.165520000000005,431.9230000000002,57.69,1,3,5,0.3841952314328323,2.625171360945055
O=C1CC[C@H]([C@@H]2CCCO[C@@H](C(=O)[O-])C2)CN1,-0.5521999999999989,240.27899999999997,78.46000000000001,1,4,2,0.702003877255606,4.091760223679273
CCc1ccc(N[C@@](C)(C(N)=O)S(C)(=O)=O)c(C)c1,1.2154200000000002,284.38100000000003,89.25999999999999,2,4,5,0.8503367057427574,3.0745582938787273
C[C@H](Sc1ccc(C#N)cc1)c1ccccc1,4.4115800000000025,239.343,23.79,0,2,3,0.7405951927858092,2.334033702995395
Cn1cc(C/[NH+]=C2/C=NNC2=O)cn1,-2.4426999999999985,192.202,73.25,2,4,2,0.5459851882487642,4.328235201076753
C[C@@H]1CCC[C@@H](C(N)=N)C1,1.74867,140.23,49.870000000000005,2,1,1,0.42283420884477046,3.2268782834668412
CCN(C[C@H]1CCCSC1=O)S(C)(=O)=O,0.9377,251.373,54.45,0,4,4,0.7459014960071403,3.4649092666463526
C[C@@H](NC(=O)CSc1cnc(-c2cccs2)c([N+](=O)[O-])c1Br)C(Cl)(F)F,4.909200000000002,486.74700000000007,85.13,1,6,7,0.26010488504506296,3.672939593350053
O=C(Cc1nnc(-c2ccccc2)o1)Nc1ccc(-c2nnnn2C2CC2)cc1,2.906200000000001,387.4030000000002,111.62,1,8,6,0.5412307139871056,2.3085128853221306
COC[C@H](C)N(C)Cc1ccccc1Cl,2.806700000000001,227.73500000000004,12.47,0,2,5,0.7672380058581385,2.390077090286127
O=C(NC1CCCC1)N(Cc1ccccc1Cl)Cc1ccccc1,4.994400000000004,342.8700000000001,32.34,1,1,5,0.8148252582491593,1.8782978589350723
CC[C@](C)(CO)[C@H](C)C#N,1.5546799999999998,141.21399999999997,44.019999999999996,1,2,3,0.6477327745562421,4.131570796287353
CN(C[C@@H]1COC2(CCCC2)C1=O)c1ccccc1,2.6511000000000005,259.349,29.54,0,3,3,0.8354905489347474,3.7268318685800175
C/C=C/C(=O)N1CCN(c2cncc(Cl)n2)CC1,1.3547000000000002,266.732,49.330000000000005,0,4,2,0.7586143945495198,2.5235674621910107
C=CCN(CC)[C@H](C)S(C)([NH3+])C(F)(F)F,1.9514,245.33399999999995,30.880000000000003,1,1,5,0.7374198543997009,4.564851529704738
Cc1ccc(S(=O)(=O)N2CCN(S(=O)(=O)c3cccc(F)c3F)CC2)cc1C,2.276840000000001,430.49800000000016,74.76,0,4,4,0.7459825175725755,2.1600006620715693
O=C(NC1CC[NH+](Cc2ccco2)CC1)c1c(F)cccc1F,1.5351000000000001,321.347,46.68,2,2,4,0.8971950099488015,3.3994208918549518
CC[NH+]1CCNC(=O)[C@@H](CN2CCCC[C@@H]2C)N1,-1.2313999999999965,255.38599999999994,48.81,3,3,3,0.5917284175746501,4.806522925296695
c1ccc(-c2noc(N3CCN(S(=O)(=O)c4cccnc4)C3)n2)cc1,1.5999999999999999,357.39500000000004,92.43,0,7,4,0.7000308601258884,2.4588535544063586
CN(C)c1nnc(NC(=O)N2CC[NH+](CC(C)C)CC2)cn1,-0.6739999999999975,308.4100000000001,78.69000000000001,2,5,4,0.7709091064192068,3.9797458035928095
CCSc1nnc(N2CCCCC2)s1,2.6404000000000005,229.37399999999997,29.020000000000003,0,5,3,0.7451388221044886,2.248838559425721
C[C@H]1CC[C@H](C)C[NH+]1Cc1nc2ccccc2o1,2.0310999999999995,245.346,30.470000000000002,1,2,2,0.8772811970705405,4.460141390315839
O=C1CCN(c2cccc(F)c2F)/C1Cc1nc(N2CCCCC2)cs1,3.802100000000003,377.46000000000015,36.440000000000005,0,5,4,0.8120837776326121,3.326133791152249
CN1N=C(c2ccccc2Cl)OC(=O)N1c1ccccc1Cl,4.158600000000002,336.178,45.14,0,4,2,0.8272330723327809,2.800632786467153
COc1cc(F)ccc1C,2.1427199999999997,140.15699999999998,9.23,0,1,1,0.5803173377234585,1.4282334692396166
Nc1nccn1-c1cc(C(=O)N2CCOC(CC(=O)[O-])CC2)ccc1F,-0.03529999999999989,361.35300000000007,113.50999999999999,1,7,4,0.8177312389746174,3.4175188617528836
Cc1ccc(-c2nc(SCC(=O)N3CCC([NH3+])C3)sc2C)cc1,2.361840000000001,348.51700000000005,60.84,1,4,4,0.8630440466831945,3.3053249740707065
CCN1CCN(C(=O)SC[C@@H]2C[C@H](C)[C@@H]2C)CO1,2.6583000000000006,272.414,32.78,0,4,3,0.790540003612341,4.743086798599862
C#CCNC(=O)NCc1cccc(F)c1OC1CC1,1.7993000000000001,262.284,50.36,2,2,5,0.7949362113988299,2.512914255570962
CN(C)C(=O)Nc1ccc(-n2nc3ccccc3c2O)c(F)c1F,3.1028000000000016,332.31,70.39,2,4,2,0.7574452196555909,2.5241321046893184
CC1(C)CCC[C@H]([NH2+][C@@H](C)CC(=O)[O-])C1,0.04710000000000081,213.32099999999997,56.739999999999995,1,2,4,0.7170030559984069,5.069908702261911
COc1ccccc1OCC(=O)Nc1ccc(F)cc1,2.851800000000001,275.27899999999994,47.56,1,3,5,0.9123720508143204,1.4348947427598588
Cc1cccc(C[C@@H](C)C#N)n1,2.0922,160.22,36.68,0,2,2,0.6638337977841026,2.8663579190404818
CNc1cccc(CC(=O)[O-])c1,0.02069999999999972,164.184,52.16,1,3,3,0.6848363650557188,2.5631569460232235
COc1ccc([C@@H](C)NC(=O)c2cc(C)nn2C2CCCC2)cc1,3.8062200000000033,327.42800000000017,56.15,1,4,5,0.9083905186505541,2.656242435995349
CC[C@@H](CNC(=O)Nc1ccc(F)cc1)c1ccccn1,3.5360000000000014,287.338,54.02,2,2,5,0.883462094615679,2.4898936144284516
CCc1cccc(CC)c1N-C(=O)c1ccc(F)c(F)c1,4.341900000000003,289.325,29.1,1,1,4,0.8908315175122649,1.8244852649945038
C[C@]1(C[NH3+])COCC1,-0.34509999999999974,116.184,36.870000000000005,1,1,1,0.49947460879078687,4.654786925709803
O=C(Cc1noc(=O)[nH]1)Oc1ccccc1Br,1.2734999999999996,299.08000000000004,85.19000000000001,1,5,3,0.681234165377777,2.860145427994402
Cc1ccc(NC(=O)NCCC(=O)Nc2ccc([N+](=O)[O-])cc2)cc1,3.0535200000000016,342.3550000000001,113.37,3,4,6,0.5527789469740676,1.7603692581546646
COC(=O)c1ccc(NC(=O)C2C3=C(c4ccc(C(C)C)s4)c(=O)c[n+]23)cc1OC(F)F,3.6575000000000033,461.4660000000001,84.71000000000001,1,6,7,0.3865800131134473,4.059663899280506
COCCN1CCO[C@](C)(NC(=O)C[C@H](c2ccccc2)C2CCOCC2)C1,2.3979,390.5240000000002,60.03,1,5,8,0.7386358798215615,3.637459196496726
O=C(CCc1nc2ccc(NC(=O)N3CCOCC3)c(=O)cc2cc1C(F)(F)F)C(=O)N[C@H]1C(C(F)(F)F)CC1,3.436700000000002,574.4780000000001,117.69999999999999,2,6,6,0.4034924614309781,3.9387452524061155
C[C@H](Nc1ccccc1S(=O)(=O)[O-])c1ccc(F)cc1,2.9029000000000016,294.32699999999994,69.23,1,4,4,0.8802536343136292,2.7014862788982086
C[NH2+][C@@H](Cc1cccc(OC)c1)[C@@H]1CCCN(S(C)(=O)=O)C1,0.4711000000000005,327.4700000000001,63.22,1,3,6,0.8261056228171282,3.6816153340873754
COc1ccccc1[C@H]1CCNC(=O)N(CCCS(C)(=O)=O)C1,1.6287999999999998,340.44500000000005,75.71000000000001,1,4,6,0.8538763556107457,2.8743522188931916
CCC(=O)c1cc(Oc2ccccc2C)ccc1-c1ccncc1,5.442020000000005,317.38800000000003,39.19,0,3,5,0.5879724771905611,2.0295137404448695
CCn1ncc(C(=O)N(C)C2CCCCCCCC2)c1C,3.7864200000000032,291.43899999999996,38.13,0,3,3,0.8495662310998959,2.64764734324201
CC1=NN(c2ccc([N+](=O)[O-])cc2C)[C@@H]1C(=O)CCc1nc(C)cs1,3.434540000000002,358.42300000000006,88.7,0,7,6,0.5828516741776194,3.410844608099345
C[C@@]1(C(N)=O)CCN(C(=O)c2cc(-c3ccccc3)cs2)C1(C)C,3.531200000000002,342.4640000000001,63.400000000000006,1,3,3,0.9272335982346592,3.2644079028814055
Cc1ccccc1NC(=O)[C@@H](C)S(=O)(=O)c1cc(S(=O)(=O)N(C)Cc2ccc(Cl)cc2)nc(C)c1,3.9734400000000036,536.0750000000002,113.50999999999999,1,6,8,0.4665861992219597,3.096939077028524
CCN(CC(=O)NCc1cccc2cccnc12)[C@@H]1CSCCS1,2.979000000000001,361.5360000000002,45.230000000000004,1,5,6,0.856939177943751,3.3224853254588265
O=C([O-])c1cc(S(=O)(=O)NC[C@H]2CCCO2)ccc1F,-0.3534999999999999,302.30299999999994,95.53,1,5,5,0.8016013112556909,3.011526838338768
O=C(N1CCCn2nccc21)[C@H]1CCCN1C(=O)c1ccccc1,1.9245999999999996,324.384,58.440000000000005,0,4,2,0.8479241975802633,2.939554116667619
O=C(COc1cccc(C(=O)[O-])c1)N1CCN(Cc2ccc(Br)o2)CC1,1.1287999999999996,422.2550000000001,86.05,0,6,6,0.6941168781019393,2.5332673273015
O=[N+]([O-])c1ccc(CN(C)CCNC(=O)c2cnc3cc(F)c(F)ccc23)o1,2.8276000000000003,390.34600000000006,101.51,1,6,7,0.49172325922341664,2.671538313893432
Cn1c(SCC(=O)c2cnn(-c3ccccc3)n2)cc(=O)n1-c1ccccc1,2.731700000000001,391.45600000000013,74.71000000000001,0,8,6,0.37319300081667667,2.8032861771412954
CC(=O)N1CCC(c2nc([C@@H]3NCCO3)n2)CC[NH2+]1,-1.5201999999999967,266.325,82.9,2,5,2,0.4702148509599601,5.205745039803024
O=C(Nc1cccc2c1OCCCCC2)C1CC1,3.1403000000000016,245.3219999999999,38.33,1,2,2,0.8688916030129407,2.079936431909074
CCCNC(=O)C1=C([O-])CCN1C(=O)c1cccc(C(=O)N2CCOCC2)c1,0.10300000000000065,386.4280000000002,102.00999999999999,1,5,5,0.7735285099376059,2.73364474037834
Cc1nc(CCc2noc(C#N)n2)n[nH]1,0.15299999999999986,204.193,104.28,1,6,3,0.7626642953375856,3.327030077659015
N#Cc1cc(N2CCN(C(=O)NCc3ccc(Cl)s3)C2)n(-c2ccccc2)n1,3.4481800000000016,412.9060000000001,77.19000000000001,1,6,4,0.7115451228857143,2.8449425873977052
CCOc1ccc(C[NH+]2CCC(S(N)=O)CC2)cc1OC,0.2636000000000016,313.44300000000004,65.99,2,3,6,0.7918412643539096,4.292007186788294
CC(N)=N/S(=O)(=O)Cc1nc(C(C)C)cs1,1.4734,261.37199999999996,85.41,1,4,4,0.6566887318624309,3.194688035787893
N#Cc1cccc(C[C@@H](C(=O)N2COCC2)C2CCCCCCC2)c1,3.893780000000003,340.46700000000016,53.33,0,3,4,0.835265714961538,3.0361526211107535
CN(C)c1cccc(NC(=O)CSc2cccc[n+]2Br)c1,2.9289000000000014,367.292,36.220000000000006,1,3,5,0.8259948799596465,2.7202910780592866
CCc1ccn(C(=O)OCc2cc(OC)ccc2Cl)n1,3.2924000000000015,294.738,53.35,0,5,4,0.8680434115446928,2.4579410701167124
CCC1(C)CCC[C@H]1NC(=O)CCc1cccnc1Br,3.8617000000000026,339.277,41.99,1,2,5,0.827910923439116,3.5519971480802015
Cc1ccccc1[C@@H]([NH3+])n1ncc(-c2cccc(F)c2)n1,2.1814199999999992,283.33000000000004,58.35,1,3,3,0.8006537011008177,3.3059766913515283
Cc1cccc(N2C(=O)[C@]3(S[C@@H](C)C3=O)[C@@H]2C)c1C,2.4817400000000003,275.37300000000005,37.38,0,3,1,0.5834950561627879,4.417368111033724
Cc1cc(C)c(S(=O)(=O)NC2CC[NH+](Cc3ccccc3F)CC2)c(C[NH3+])c1,0.7102400000000026,407.5550000000002,78.25,3,2,6,0.6595728654691234,3.8611643493963905
C[NH2+]C1(CNC(=O)/C2CC2)CCCC1,0.018599999999999506,197.3019999999999,45.71,2,1,4,0.6554608679654857,3.610608396343027
Cc1ccc([C@@H](O)[C@@H]2CCCc3ccccc32)nc1NC1CC1,4.117820000000003,308.42500000000007,45.150000000000006,2,3,4,0.8928729873667713,3.243926545243016
C=CCN(Cc1cccc(Br)c1C)C(=O)[C@@H]1COc2ccccc21,4.448320000000003,386.2890000000001,29.540000000000003,0,2,5,0.7110875150535014,2.994992662239694
Cc1cc(C(=O)N(C)c2cccc(Cl)c2)sc1C,4.294940000000003,279.7920000000001,20.310000000000002,0,2,2,0.8027418104110554,2.175727199932261
CC[C@@H](CNC(=O)c1c[nH]c2cccc(C#N)c12)[NH+]1CCCC1,1.2266800000000002,311.40900000000016,73.12,3,2,5,0.7768197302314267,4.239808578158927
O=C([O-])CCCNC(=O)c1ccc(F)cc1,0.08559999999999995,224.211,69.22999999999999,1,3,5,0.7202455159156913,2.156869804019662
CC[NH2+]C[C@H]1COc2ccccc21,0.7458999999999998,178.255,25.84,1,1,3,0.725739478893794,3.9004197440051076
COc1cc(C)ccc1NC(=O)COc1cccc(OC)c1,3.029720000000001,301.34200000000004,56.790000000000006,1,4,6,0.8907533947006926,1.631894573067651
C[C@@H](CCl)[NH2+]CSC1CC[NH+](CC(N)=O)CC1,-1.5995999999999961,281.85300000000007,64.14,3,2,7,0.38882568075658436,5.8793637607795555
Cc1nc(CCCC(=O)C2CC2)cs1,2.7533200000000013,209.314,29.96,0,3,5,0.7460359054356369,2.3291113549229063
CCC[NH2+][C@@H](C)c1ccccc1OC(F)(F)C(C)(C)C,3.7387000000000024,286.38599999999997,25.84,1,1,6,0.8467163725821548,3.9525448459914934
O=C(Nc1ccc(C2N=C2[C@H]2CCO2)cc1F)Cc1ccccc1,3.291500000000002,324.35499999999996,50.69,1,3,5,0.9173464348859652,3.1642836382841324
COc1ccc(CNS(=O)(=O)N2CCc3ccc(Cl)cc3C2)cc1C,3.0497200000000015,380.8970000000001,58.64,1,3,5,0.8668217086951318,2.252694972440379
Cc1cc(O)ccc1C(=O)N([C@@H]1CCc2ccccc2)[C@@H](C)C1,3.9364200000000027,309.40900000000005,40.54,1,2,4,0.9291503728965648,2.9870750014022427
Cc1nnc(=O)[nH]c1Nc1nc(C)c(C(=O)N/N=N\O)cc1Br,1.1690399999999994,383.166,157.60999999999999,4,8,4,0.4556877086415711,3.6287265861606466
O=C(N/N=C/c1ccc(F)cc1)c1ccccc1,2.589600000000001,242.253,41.46,1,2,3,0.6519753069441453,1.5721633549859977
C[C@@H]1CCC[C@@H](C(N)=O)OCC[C@@H]1C,1.7030999999999998,199.29399999999998,52.32000000000001,1,2,1,0.6985269588619337,3.828735547438068
C[C@@H]([NH2+][C@@H]1CCCO1)c1cccc(N)c1,1.0296999999999996,207.29700000000003,51.86,2,2,3,0.7273154436917362,4.210946448236866
Nc1ccc(NC2=N/C(=O)c3ccccc23)cc1COc1csc(Br)n1,4.079300000000002,429.2990000000001,89.6,2,6,4,0.6104892683177602,2.954544566386737
Cc1cc(COc2cccc3c2CN(C(=O)CCCC)c2ncnn23)sc1C,4.561440000000004,396.516,60.25,0,6,6,0.6127100046869498,2.998536583124201
COc1ccccc1Nc1nnc(S(=O)(=O)NC[C@H]2CCCO2)s1,1.7475999999999996,370.4560000000002,102.44000000000001,2,8,7,0.7652202167057233,2.8603445705615513
C[C@@H](C[NH+]1C[C@@H](c2nc3ccccc3o2)CCO1)C(=O)[O-],-0.48239999999999905,290.319,79.83,1,5,4,0.8223090210018411,4.817757454578579
O=C(COc1ccccc1)c1coc2ccccc2c1=O,3.0547000000000013,280.279,56.51,0,4,4,0.6891394885620321,1.9280917919328004
CCC(=O)NCc1ccccc1NC(=O)[C@@H]1Cc2ccccc2CCN1C(=O)C(=O)N(C)C,1.7355000000000003,450.53900000000027,98.82000000000001,2,4,5,0.6781321475898817,2.89307572166865
CC/CCSc1cccc([C@H](C)[NH2+][C@H](C)c2nc(C)c(C)o2)c1,4.569240000000003,333.5210000000001,42.64,1,3,8,0.5682514309629303,4.025383866047212
O=C(NCc1coc2ccccc12)[C@@H](C(=O)Nc1ccccc1)[C@H]1CCOC1,3.3404000000000016,378.42800000000017,80.57000000000001,2,4,6,0.6448872958725842,3.178854797914278
C[NH2+][C@@H](C)[C@H](C)c1cccc(Cl)c1,2.0252,198.71699999999998,16.61,1,0,3,0.7657505692416582,3.8450230257745126
C[C@H](CCCNS(=O)(=O)c1ccccc1Br)C[C@H]1CC[NH2+]1,1.8695000000000002,376.34000000000015,62.78,2,2,8,0.6807887778349494,3.876509920070534
CS[C@@H](C)C[C@@](CNC(=O)c1ccco1)c1cnn(C)c1,2.5072900000000002,306.41100000000006,60.06,1,5,7,0.8536252352859652,3.4951704201650875
C[NH2+]C[C@@H]1CCOC2(CCCCC2)C1,1.3090999999999995,198.32999999999993,25.84,1,1,2,0.7110575276940765,4.588313744416409
C[C@H](Oc1ccccc1Cl)C(=O)N(C)Cc1ccccc1Cl,4.419300000000003,338.2339999999999,29.54,0,2,5,0.807681943073332,2.3214925062902267
COc1ccc([C@H]([NH3+])[C@@H]2CCC[NH+]([C@@H](C)C)C2)cc1,0.6815000000000011,264.41299999999995,41.31,2,1,4,0.8249456930346897,4.789096014245672
Cc1nnc(S(=O)(=O)[N-]/N[C@@H]2CCC[C@H]2C)o1,1.1336199999999996,259.311,99.19000000000001,1,6,4,0.8136573354389216,4.481991919799368
Cc1c(CNS(=O)(=O)c2cccs2)nnn1-c1cccc(F)c1,2.2548200000000005,352.41600000000005,76.88,1,6,5,0.764019852757372,2.4938817848081527
CCCc1ccccc1N[C@H](c1ccco1)N(C)C(=O)c1cccc(F)c1,5.254100000000005,366.43600000000004,45.480000000000004,1,3,7,0.580684473646255,2.943904557232905
C[C@@H](O)CCCOc1nc2ccccc2s1,2.836100000000001,237.324,42.35,1,4,5,0.8130267218630968,2.6510960278730415
CCCCCNC(=O)N1C[C@@H](O)C1,0.5627,186.25499999999997,52.57000000000001,2,2,4,0.6303463468483975,2.0203316181406947
O=C(COCO)N[C@H](CO)c1ccco1,-0.6044000000000005,215.20499999999998,91.93,3,5,6,0.5507489181690995,3.136608717195803
C[C@H]([NH2+][C@@H]1CCCc2ccccc21)C(=O)NC1CC[NH+](C)CC1,-0.19079999999999764,317.47700000000015,50.15,3,1,4,0.7082917906168703,4.835013258529729
CCc1nnc(CC)n1NC(N)=O,0.025100000000000067,183.21499999999997,85.83000000000001,2,4,3,0.6924909402923081,2.8185584313275083
C[NH+](C)CN/C(=O)CC1CC1,-0.9952999999999992,157.23699999999997,33.54,2,1,4,0.5044935306776362,3.860209885368848
NC(=O)c1cccc(F)c1,0.9246000000000001,139.129,43.09,1,1,1,0.6173491474809841,1.4490437256498723
C#C[C@H](CCC)C(=O)[O-],-0.21420000000000017,125.14699999999999,40.129999999999995,0,2,3,0.4893322338231349,4.269387934332206
CCN(Cc1ccccc1C#N)S(=O)(=O)CCc1ccccc1Cl,3.606080000000003,362.88199999999995,61.17,0,3,7,0.7554894414627079,2.2892346409590196
CSCC[C@@H](C)NC(=O)NC[C@@](C)(O)c1ccccc1,2.3349,296.436,61.36,3,3,7,0.7235303972765444,3.027742427800481
C[C@H]1C[C@H](C(=O)N(C)Cc2ccc(Cl)cc2)C(C)(C)CN1C,3.664800000000003,322.8800000000001,23.550000000000004,0,2,3,0.8474813970607413,3.3381989406447516
CCN(Cc1ccccc1C#N)CCO[C@@H](C)[NH+](C)CC,1.2773799999999997,290.43100000000004,40.7,1,3,9,0.6965709924624723,3.9995902914233206
CC(C)n1nc(C)c(C=O)c1CCC[NH+](CC)C,1.0521199999999995,252.38199999999992,39.33,1,3,7,0.7368960970823384,4.4563079199881965
COC(=O)c1cc(CNC(=O)Cc2ccccc2F)ccc1C,2.7796200000000013,315.34400000000005,55.4,1,3,5,0.8633045384327648,1.8269962633584491
COc1ccccc1COCCN1C(=O)C[C@H](C)C1,2.0801999999999996,263.337,38.77,0,3,6,0.7375975509318534,2.58869816829003
C[C@@H](NC(=O)C[NH+]1CCOCC1)CC(C)(C)C,-0.1575999999999984,243.37099999999992,42.769999999999996,2,2,4,0.7205649329462144,4.559852261455568
OC[C@H](O)c1ccc(O)c(Cl)c1,1.0712999999999997,188.60999999999999,60.69,3,3,2,0.6508803526233509,2.581735016942581
CCO[C@@H](C(=O)N1NCCCCN1C(C)=O)C1(C)CC1,1.0820999999999992,283.372,61.88,1,4,4,0.8385043825933144,3.9901983534902836
CC[C@H](NS(=O)(=O)c1ccc(F)c(F)c1)c1c(C)nn(C)c1SCC,3.548320000000002,389.49300000000017,63.99,1,5,7,0.7358398823374429,3.1934000016999047
C[C@H](NS(C)(=O)=O)C(=O)N[C@H]1[C@@H]2CCO[C@@H]12,-1.1723999999999986,248.30399999999997,84.5,2,4,4,0.6561892331052894,3.905569912479063
Cc1ccnc(CC(=O)NCc2ncccc2)c1,1.64392,241.294,54.88,1,3,4,0.8850232770605638,1.9857213431516776
COc1ccc(CC(=O)OO)c2ccccc12,2.4071000000000007,232.235,55.760000000000005,1,4,3,0.6517996670876153,2.0422300433790177
CNC(=O)c1ccccc1O[C@H](C)CC(=O)[O-],-0.04650000000000021,236.24699999999993,78.46,1,4,5,0.7772798380552447,2.9415228300174405
C[C@H](CN1CCN(C(=O)C2CCCCC2)CC1)S(=O)(=O)c1ccncc1,1.9682999999999993,379.526,70.58000000000001,0,5,5,0.782193042776909,2.849223828574287
CCc1ccsc1C(=O)N[C@@H](C)Cc1nccs1,3.128000000000002,280.418,41.99,1,4,5,0.9139949379615117,3.0114008498524507
CCn1nnc(C(=O)Nc2cc(C)c(C)cc2C)c1C,2.7839800000000015,272.35200000000003,59.81,1,4,3,0.934257833782547,2.162061949237591
O=C(CN1CCN(C(=O)c2cccc(N3CCCC3)c2)CC1)N1CCCS1,1.9250999999999996,388.53700000000026,47.10000000000001,0,5,4,0.7378721199866384,2.635617685304428
CC(C)C[C@@H](C[NH+]1CCCN(Cc2ccccc2)C1)Nc1ccccc1,3.2615000000000007,352.54600000000005,19.71,2,2,8,0.7602093386810032,3.709388473731371
C[C@@H]1C[C@@H](O)CN(C(=O)CN2CCO[C@@H](C)C2(C)C)C1,0.7150000000000001,284.40000000000003,53.010000000000005,1,4,2,0.8114774275453772,3.958819373127591
O=C(NNC(=O)c1ccc(F)cc1)NCc1cccs1,2.0314,293.323,70.23,3,3,3,0.7578411634110437,1.9200566860796968
CC(=O)CCN[C@H]1C(=O)N(CC(=O)Nc2cccc(SC(F)F)c2)C[NH2+]1,0.19770000000000143,387.4320000000001,95.12,3,5,9,0.5263629495614355,3.819155637306096
Cc1nn(-c2ccc(N)c([N+](=O)[O-])c2)c(C(C)C)c1C,3.102940000000002,274.324,86.98,1,5,3,0.5289534964859757,2.577977333852976
O=C(c1ccc(OCCCO)cc1)N1CCC[C@@H]1C[NH2+][C@@H]1CCS1,1.0788000000000002,351.49200000000013,66.38,2,4,8,0.6880301737976499,3.7241277854413237
O=C(Cn1c(C(F)(F)F)nc2ccccc2c1=O)Cc1ccccc1O,2.932700000000002,362.30700000000013,72.19,1,5,4,0.7746352548396788,2.3499948740790444
CC(C)NC(=O)[C@H](C)C(=O)Nc1ccc(N2CCOCC2)cc1,1.622399999999999,319.4050000000001,70.67,2,4,5,0.8092804022032244,2.4946603919701165
C[C@@H](C(=O)Nc1ccc(-c2ccccc2)nc1)c1ccccc1Cl,5.144200000000002,336.822,41.99,1,2,4,0.7159846981753557,2.3404917277521875
C[C@@H](CO)NC(=O)Nc1nc([O-])cs1,-0.2810000000000003,216.242,97.31,3,5,3,0.6468520694260922,3.545946814506233
C[C@@H](Cc1cccs1)[NH+](CC(=O)[O-])C(=O)[O-],-2.3427999999999987,242.27599999999995,84.7,1,5,5,0.626677585556172,4.950236581167687
O=C(CCc1cccs1)NCc1ccsc1C(F)(F)F,4.077400000000003,319.373,29.1,1,3,5,0.883888099337671,2.569679531655174
Cc1cc(O)c([C@H](C)NC(=O)N(CCc2c[nH]c3ccccc23)C2CC2)cc1F,4.798720000000004,395.4780000000001,68.36,3,2,6,0.5612132529605665,2.9440278215004128
CC[C@@H](CNC(=O)[C@H](C)n1cccn1)Cc1ccccc1,2.829200000000001,285.39099999999996,46.92,1,3,7,0.8500326146857788,2.90116305004401
C[C@@H](C(=O)[O-])C(=O)Nc1ncn[n-]1,-2.241699999999999,182.139,109.10999999999999,1,5,3,0.5290109358145734,5.24703732642269
O=C(c1cccs1)NC[C@H](O)c1ccccc1,2.2115,247.31900000000002,49.33,2,3,4,0.8699370713726818,2.213642808175928
COc1ccc(CN2C(=O)C[C@@H](C(=O)Nc3ccccc3)C2c2cccs2)cc1OC,4.493800000000004,436.53300000000013,67.87,1,5,7,0.5924479656819444,2.9652973510189042
Cn1c[nH+]nc1[C@H](C(=O)N(C)Cc1nnco1)Cc1ccccc1,0.6020999999999996,327.368,91.19,0,6,6,0.6610948753766605,4.026710456849177
CC(C)c1cc(NNC(=O)Nc2cc(C)no2)cs1,3.3165200000000006,280.353,79.19,3,5,4,0.7505872512268634,2.9748167229149374
CCOCC(=O)N1CCCc2cc(S(=O)(=O)N3CCCCC3)ccc21,2.1769,366.48300000000023,66.92,0,4,5,0.8010233580477168,2.217921875396577
COc1cccc(C(=O)N(C)CCc2nc(C)ccc2C)c1,3.021740000000001,298.38599999999997,42.43,0,3,5,0.8518667576010077,2.1228540003141205
CCCn1c(OCc2ccccc2C#N)nnc1SC,2.860680000000001,288.37600000000003,63.730000000000004,0,6,6,0.7647361967183295,2.5646704512618843
COc1ccc([C@@H](C)NC(=O)[C@@H]2C=CCN2)c(OC)c1,1.4089999999999996,276.336,59.59,2,4,5,0.7983522232678923,3.3416938513769043
C[C@@H](CNC(=O)c1ccc(C(=O)N2CCOCC2)cc1)NC(=O)NC1CC1,0.7389000000000007,374.44100000000003,99.77000000000001,3,4,6,0.6837428117148956,2.5423087898423997
COc1ccc(NC(=O)C(=O)NCc2cc(Cl)ccc2OC)cc1OC,2.6207000000000003,378.8120000000001,85.89,2,5,6,0.7545393525970457,1.883814104848275
C[C@@H]1C[C@H](NCC(=O)Nc2cccc(C#N)c2)C(C)(C)C1,2.911080000000001,285.3910000000001,64.92,2,3,4,0.8936600080269684,3.3103096548185453
CC[C@H](NC(=O)CCc1ccc(C(F)(F)F)s1)c1ccc([S@@](C)C)cn1,5.249400000000005,403.5150000000001,41.99,1,3,7,0.6860767390199617,3.6258123003613507
COc1ccc(NC(=O)C[C@H]2C[NH+]3CCC[C@@H]32)cc1F,0.8399999999999999,279.335,42.769999999999996,2,2,4,0.8575212065671319,4.277678212533798
O=C(Nc1nc(-c2ccc(N3CCCCCC3)cc2)no1)NC1CC1,3.400900000000001,341.415,83.29,2,5,4,0.8903349496092894,2.238462616577065
O=C(C[C@H](C)n1nnc(-c2ccccc2Cl)n1)Nc1ccccc1,3.5833000000000013,341.8020000000001,72.7,1,5,5,0.7694010952754081,2.6337271792572032
C[C@H]1C(=O)C[C@H](CNC(=O)NCCNC(=O)c2cccc(Br)c2)CC1=O,1.6623999999999999,424.29500000000013,104.37,3,4,6,0.47739377196956606,2.5790967971559695
C[C@H]1CN(C(=O)CSc2nnnnc2-c2ccc(F)cc2)C[C@@H](C)O1,1.8005999999999998,363.4180000000001,81.10000000000001,0,7,4,0.7662872066891853,3.436161272505709
CC[C@H](C#N)N(C)c1cccc(O[C@@H](C)c2ccccc2)c1,4.564980000000004,294.398,36.260000000000005,0,3,6,0.782965731429585,3.099410851314726
C[C@@H](O)[C@@H](NC(=O)CN1C(=O)CCC1=O)Nc1ccccc1,0.07059999999999933,305.33399999999995,98.74000000000001,3,5,6,0.5101664788016025,3.159472332826339
O=C(NC[C@@H]1C[C@@H](Cc2ccccc2)C1)N1CCN(C(=O)c2c(F)cccc2Cl)CC1,4.215400000000003,443.95000000000016,52.650000000000006,1,2,5,0.7519501420070469,2.30397048681918
C[C@H](Nc1ccccc1NC(=O)c1c(Cl)cccc1Cl)c1cccc(F)c1,6.5579000000000045,403.28400000000005,41.129999999999995,2,2,5,0.5067573172011361,2.4403264011784316
CCOc1cccc(NC(=O)NCC(=O)NCc2ccco2)c1F,2.2553,335.335,92.60000000000001,3,4,7,0.7234743403067095,2.1270090483339086
CC(C)c1ccc([C@@H](CC(=O)[O-])c2nc[nH]c2Cl)nc1,1.8534,292.746,81.7,1,4,5,0.9116247007476727,3.8809822229541524
O=C(NCc1ccco1)NC[C@@H](c1cccs1)[NH+]1CCCC1,1.5602999999999998,320.43800000000016,58.71,3,3,6,0.7564175604363723,4.043003706212625
C[NH2+][C@H](c1cccc(OC)c1)C1CCN(S(=O)(=O)NCC(C)C)C1,0.7418000000000011,356.5120000000001,75.25,2,3,8,0.7214353502604243,3.8513195762592014
Cc1cccc(NC(=O)C[C@@H](NC(=O)Nc2ccc(F)cc2)C(=O)c2ccco2)c1,4.128920000000003,409.41700000000014,100.44000000000001,3,4,7,0.5109583133989404,2.630702895512753
CCOCCCc1cc2ccccc2nc2n1CCC[C@@H]2C,4.619700000000004,298.43000000000006,24.83,0,3,5,0.7409588556654804,3.47613820695227
NC(=O)[C@@H]1OC[C@H]1[C@H]1CCN(C(=O)c2cccs2)C1,0.7105000000000006,280.34900000000005,72.63000000000001,1,4,3,0.8859922544530692,3.563749957158107
C[C@@H]1C[C@H]1C(=O)N1CCCC[C@@H]1C(=O)[O-],-0.22660000000000013,210.253,60.44,0,3,2,0.632408262939972,3.620031183719557
Cc1ccc(OCC(=O)N(C)CC#N)c(C2CCCC2)c1C,3.3218200000000024,300.4020000000001,53.33,0,3,5,0.7838142287243237,2.5184408855600235
CCOc1ccc2c(c1)OC(C)(C(=O)N[C@H]1CCCN(C(=O)C(=O)NC)CC1)C2,1.0222000000000002,403.4790000000002,96.97,2,5,4,0.7320351972796607,3.382602043440759
Cc1cc(C(=O)Nc2cccc(Cl)c2)c(C)s1,4.270640000000002,265.765,29.1,1,2,2,0.8631727763791733,1.8346986604002957
Cc1ccccc1C(=O)N1CCCC[C@@H]1CCS(=O)(=O)c1ccccc1,3.8537200000000036,371.502,54.45,0,3,5,0.8020107524783999,2.4977747641252233
COc1cc(Br)ccc1NC(=S)NC1CCN(Cc2ccc(C#N)cc2)CC1,4.280380000000002,459.4130000000003,60.32,2,4,5,0.6514317209189936,2.2027340831242004
Cc1cc2c(s1)C(=O)N(C[C@@H]3CCC[NH+]3C)CCS2,1.28152,297.469,24.750000000000004,1,3,2,0.8893889507160988,5.009414270572254
CCN[C@](C)(C(=O)[O-])Nc1ccccc1-c1nccs1,1.2976000000000003,290.368,77.08,2,6,6,0.7841461607031001,3.5887510091679387
CN(C)C(=O)CN2CCN(CCC#N)CC[C@H]2C1CC1,0.7745800000000005,278.40000000000003,50.580000000000005,0,4,5,0.7453725757739218,2.9166429222548533
COCCNC1CC[NH+](Cc2cccc(C(F)(F)F)c2)C1,1.0986000000000005,303.348,25.7,2,2,6,0.7697407249329379,4.185628460735012
O=S(=O)(NC[C@@H]1CCCCC1=O)c1ccccc1[N+](=O)[O-],1.6323999999999994,312.34700000000004,106.38,1,5,5,0.6566694415022292,2.759018044136674
C[C@@H](NC(=O)N1C[C@@H](O)C1)[C@H]1CCO[C@@H]1c1ccccc1,1.5387999999999997,290.363,61.80000000000001,2,3,3,0.8874064773038344,3.469239853535554
CC(C)(C)CCOC(=O)C[C@H]1NC(=O)N1,0.9947999999999999,214.26500000000001,67.42999999999999,2,3,4,0.6857924990511035,2.883268030046521
CC(C)C(=O)Nc1cccc2c(C)cccc12,3.742720000000002,227.307,29.1,1,1,2,0.8314981141559677,1.6696171546719807
Cc1ccc(N[C@@H](CC(=O)Nc2cccc3c2OC(F)F)CC3)c(Cl)c1,5.005320000000004,380.8220000000001,50.36,2,3,4,0.783863106983475,4.15977591444425
NC(=O)c1ccc(NCC2(c3cccc(F)c3)CC2)c([N+](=O)[O-])c1,2.9765000000000015,329.3310000000001,98.26,2,4,6,0.6285146610242023,2.3206754613326765
CC1=C(CCN(C[C@]2CCCCC(C)(C)O)CC2)C[C@@H](O)C1,3.459190000000002,308.48600000000005,43.7,2,3,8,0.5329628318842965,3.9520450914100245
Cc1cc(NC(=O)c2cccc(N3CCN(c4ccccc4)CC3)c2)ccn1,3.9689200000000033,372.4720000000001,48.470000000000006,1,4,4,0.7528583995203226,1.9390103589215748
COc1ccc(OCC(=O)Nc2ccccc2OCc2ccccc2)cc1S(N)(=O)=O,2.9391000000000007,442.4930000000002,116.94999999999999,2,6,9,0.5262315486676368,1.9643715357702316
C[NH2+][C@@H](c1cccs1)[C@@]1(C)[C@@H](C)OC1,1.4074,212.33799999999997,25.84,1,2,3,0.8051583694411952,5.004945899128488
CC[NH+]1CCN(c2ccccc2-c2ccccc2)CCC1,2.4685000000000015,281.42300000000006,7.680000000000001,1,1,3,0.9079669878242969,3.4246826715004106
O=C(NCc1nnc2ccccn12)c1ccccc1Cl,2.3127000000000004,286.72200000000004,59.290000000000006,1,4,3,0.8036556032827461,1.9551248139590776
COCC[NH+](C)C[C@H]1CN(C(=O)C(=O)NCc2cccnc2S(C)(=O)=O)CC1,-1.8890999999999922,413.52000000000015,110.10999999999999,2,6,8,0.4825098188371736,4.217875335912865
O=C(c1cccs1)NC(=S)N(Cc1cccc(N2CCCC2)c1)c1nccs1,4.5263000000000035,428.60800000000023,48.470000000000006,1,6,5,0.6053986778480723,2.6113407529178225
O=C(Nc1ccc(F)c(C(F)(F)F)c1)NCc1cccs1,4.227700000000001,318.29499999999996,41.13,2,2,3,0.8171682624049206,2.07241736048522
O=[N+]([O-])c1cc(C(F)F)c2ccc(Br)cc2ns1,2.2644,335.129,55.5,0,4,2,0.47329467624526156,3.998440543731318
C[C@@H](CN1CCN(c2ccc(F)c(O)c2)CC1)S(C)(=O)=O,1.0864,316.398,60.85,1,5,4,0.9007870911193511,2.91385519337582
CCN(CC(C)(C)O)CCOC1CCCC1,2.0384,229.36399999999992,32.7,1,3,7,0.7249082826142818,2.5072152585651146
O=C(N[C@@H]1CCO[C@]2(CCSC2)C1)c1ccsc1,2.5326000000000013,283.418,38.33,1,4,2,0.9062081188430496,4.166630364839515
O=C(c1ccc2c(c1)OCO2)c1cnc[nH]1,1.3694,216.196,64.21000000000001,1,4,2,0.7698106230897893,2.356901666837693
CCn1nnnc1S(=O)(=O)c1ccc(Cl)c(Br)c1,1.9417000000000002,351.613,77.74000000000001,0,6,3,0.8442752265405543,2.7396923490688376
CCOC(=O)c1c(Cl)n(-c2ccccc2)cc1Cc1ccccc1OC,4.906800000000005,369.8480000000002,40.46,0,4,6,0.57965685149578,2.2805619218960924
C[C@@H](NC(=O)c1cc2ccccc2s1)NC(=O)/C(C)(C)OC(C)=O,2.4350000000000005,348.42400000000015,84.5,2,5,5,0.6419483894218062,3.1016994252052346
O=C1CC[C@@H](SS(=O)(=O)C23CCCCC3CCC2)N1,2.3983999999999996,303.44900000000007,63.24,1,4,3,0.813237825478189,4.585732008440157
Cc1ccc(C(=O)Nc2cnn(C)c2C(=O)NNC(=O)C2CC2)cc1F,1.2909199999999998,359.36100000000016,105.12,3,5,4,0.715518942171352,2.2892327397345174
O=C(N[C@H](CCc1ccccc1)C(F)(F)F)c1ccn(-c2cccnc2)c1,4.165800000000003,373.37800000000004,46.92,1,3,6,0.7051164031282041,2.9518903714187186
CC[NH2+][C@@H](c1ccc[nH]1)[C@]1(C)COCCOC1,0.6922000000000004,239.3389999999999,50.86,2,2,4,0.8120813563936884,4.524427423560542
COc1cc(Cl)ccc1NC[C@H]1C[C@H]1c1cccs1,4.625700000000003,293.819,21.259999999999998,1,3,5,0.8679235649547679,3.037866624884609
O=C(NNc1cccc(Cl)c1)c1c(F)cccc1F,3.3751000000000007,282.67699999999996,41.13,2,2,3,0.8475722700831053,1.953440815803182
O=C(COc1cccc(Cl)c1)NCc1cccnc1,2.4302,276.723,51.22,1,3,5,0.912453472028343,1.707347684783258
CCOC(=O)N1CC[C@@H](NC(=O)CCc2ccccc2)C1,1.9661999999999997,290.36300000000006,58.64,1,3,5,0.9016366874432165,2.266225152889991
Cc1cc(CN[C@H](C)N(C2CC2)C2CC2)on(C)n1,1.6856,264.37299999999993,40.1,1,5,6,0.7411288673005367,4.4292913635563025
COCC[C@@H](C)NC(=O)c1ccc(NC(=O)c2cccs2)cc1,3.1552000000000016,332.425,67.43,2,4,7,0.8182739800158816,2.3330523113488137
COC[C@H](C)N(CCCO)C(=O)[C@@H]1CCCN(c2ncccc2Sc2ccncc2)C1=O,2.6167000000000007,458.5840000000001,95.86000000000001,1,7,10,0.5468981903624389,3.7114134881531697
OCC(=O)c1cc(F)c(F)cc1Cl,1.7932000000000001,206.575,37.3,1,2,2,0.5918348214981092,2.1672225554386912
Cc1ccc(C[C@@]2(C)CN(C(=O)Nc3ccc(F)cc3)C2)c(C)c1,4.5390400000000035,326.4150000000001,32.34,1,1,3,0.8822454284676595,2.2829887480459607
C[C@H](Cc1nc(S(=O)(=O)Nc2ccc(Br)cc2)cs1)c1ccc(C#N)cc1,4.924280000000004,462.3940000000001,82.85,1,5,6,0.5636128223773794,2.968422352595436
N#Cc1cc(NC(=O)c2ccncn2)ccn1,0.9955799999999999,225.21100000000004,91.56,1,5,2,0.8224750603050553,2.3574854201451103
O=C(c1c(Cl)cc(Cl)cc1Cl)C(=O)[O-],1.5794000000000001,252.45999999999998,57.2,0,3,2,0.5929733453760069,2.7789382779998313
CN1C(=O)/C(=C\c2cc(Cl)c(O)c([NH3+])c2)SC(=S)N1,1.2545999999999997,316.815,80.21000000000001,3,4,1,0.5366457214915157,3.7818353688638844
Cc1cc(C[NH+]2CCC[C@H]2c2ccncc2)cn1C,1.6485199999999998,256.37300000000005,22.26,1,2,3,0.8860881536439597,4.793052918590903
O=C1OCc2ccc(C(=O)N3CCN=C(c4ncccn4)CC3)CCSC[C@H]2C1,2.0507999999999997,412.5150000000002,84.75000000000001,0,7,2,0.6914894976383819,4.391819841640486
CCCOCC[NH+]1CCN(C(=O)c2ccc3[nH]ncc3c2)CC1,0.3302000000000023,317.4130000000001,62.660000000000004,2,3,6,0.7549535411203342,3.5415285215387016
CCCn1nc(C)c2c1O[C@H](C[NH+](C)CC(F)(F)F)CC2,1.3721199999999993,306.35200000000003,31.490000000000002,1,3,5,0.890849116402389,4.734629325347654
CC[S@@]1C(=O)N(CCc2cccs2)CCN1c1ncccn1,3.226600000000002,335.478,49.330000000000005,0,5,5,0.8416209976312208,3.4343872994944498
C=CCOC(=O)c1ccc(CNC(=O)[C@H]2CCCO2)s1,1.8860999999999999,295.35999999999996,64.63,1,5,6,0.6427299209311571,2.9069184614524968
CC(=O)N1CCCC[C@H](C)C1,1.6549,155.24099999999999,20.310000000000002,0,1,0,0.5206541570840053,2.2582557149088966
N#CC(=O)N1CC[C@@H](c2nnc(S(=O)(=O)c3cccs3)s2)S1,1.8775799999999998,372.478,104.01999999999998,0,9,3,0.598206894581399,4.259214765575097
CN(C)C(=O)CN1CCN(c2cnc(N3CCOCC3)CCOCC2)sc2ccccc21,2.2864000000000013,459.6160000000003,60.85000000000001,0,8,3,0.6429728242162537,3.909546202893459
CCCN(Cc1c(C)noc1C)NCC1CCCCC1,3.5883400000000023,279.428,41.300000000000004,1,4,7,0.7744758934892024,2.767956281221398
C[C@H]1CCCC[C@H]1NC(=O)Nc1ccc(-n2cnnc2[O-])cc1,2.0410999999999997,314.3690000000001,94.9,2,5,3,0.9060249930083716,3.3320195522360248
CS[C@@H](C)C(=O)N1CCC[C@H](C(=O)N2CCN(Cc3ccccc3)CC2)C1,2.3209,389.56500000000017,43.86000000000001,0,4,5,0.7752691691734854,2.8414650817595515
COCCCn1ccnn1,0.3146,141.174,39.94,0,4,4,0.5665772330173703,2.4388868733068136
C[C@@H]1C[C@H]2C[C@@H]1CC(C(=O)Nc1cccc(Cl)c1)C2,4.350800000000003,277.7950000000001,29.1,1,1,2,0.8553904723612136,4.010498379140076
CC1=N[C@H](C(=O)Nc2ccccc2)CC1,2.2484,202.25699999999998,41.46,1,2,2,0.7847426500735871,2.746708461637409
Cc1ccc(S(=O)(=O)NCc2ncn(C(C)C)c2C)cc1,2.5593400000000006,307.41900000000004,63.99,1,4,5,0.9230514850310307,2.4257828916872306
CC[NH+](CC)[C@@]1(C)Oc2ccccc2C[NH2+]1,-0.25919999999999865,222.332,30.28,2,1,3,0.7251246986794238,4.809033084729229
CCOC(=O)N1CCN(C(=O)c2ccc(C(=O)N(C)C)o2)CC1,0.8957000000000002,323.34900000000016,83.3,0,5,3,0.8249481512581244,2.2101507619848224
CS(=O)(=O)c1cccc(OCc2ccccc2O)c1O,2.080300000000001,294.32800000000003,83.83000000000001,2,5,4,0.9016331731019821,2.1525630681187096
CCCC1=C(O)C(C)(C/N=C/c2cccnc2NC2CCC(C)(C)C2)C[C@@]1(N)C(F)(F)C,5.866000000000006,448.6020000000003,83.53,3,5,8,0.43463307386156014,4.681402897497254
CC[NH+]1CC[C@@H](NC(=O)OC)C1=O,-1.4538999999999989,187.21899999999997,59.839999999999996,2,3,2,0.5555687404056909,4.871992256543743
CC(C)(C)c1ccccc1CNc1cc(S(N)(=O)=O)ccc1O,2.9492000000000007,334.44100000000003,92.42,3,4,4,0.7495800141214541,2.1693080111872334
Cc1csc(CCC(=O)N2CCC(CC(N)=O)C2)c1,1.71302,280.393,63.4,1,3,5,0.8921826443094177,2.910823712557084
O=C(Nc1ccc(F)cc1Cl)Nc1cccc(OCc2ccccc2F)c1,5.841200000000003,388.8010000000001,50.36,2,2,5,0.5763917513130229,1.869788099700159
N#Cc1cc(C(=O)N2CCC([C@H]3C[C@@H](c4ccccc4)C3)C2)ccc1Cl,4.867580000000005,364.8760000000001,44.1,0,2,3,0.7795431722340965,2.707635678886138
C[NH2+][C@@H](Cc1cc(F)cc(F)c1F)C(=O)[O-],-1.0418999999999994,233.18899999999996,56.739999999999995,1,2,4,0.6751377230377258,4.254860337476481
CN(CCO)C(=O)N[C@@H]1CCCC[C@@H]1Cc1ccccc1,2.4215999999999998,290.4069999999999,52.57,2,2,5,0.8747909781066401,2.8725084346593945
NC(=O)c1ccc(NC=N/NC(=O)Cc2ccccc2)c([N+](=O)[O-])c1,1.4077999999999993,341.32700000000006,139.72000000000003,3,5,7,0.3021814557945597,2.373728159253565
CSC[C@](C)(O)[C@@H]1CCN(C(=O)CNC(=O)CC2CCCCC2)C1,2.0354999999999994,356.53200000000027,69.64,2,4,7,0.7322983813878119,3.4116395011104697
C[C@H](c1nc2cc(Cl)ccn2n1)Nc1cc(Sc2ccc(Cl)cc2)cs1,6.4219000000000035,421.37800000000016,42.22,1,6,5,0.4037182947517788,3.6024420988445582
COC(=O)c1cc(/C=C/C[NH+]2CCC(C3CCC3)C2)ccc1O,1.8969,316.421,50.97,2,3,5,0.8158904879593928,4.247377486609342
Cc1sccc1CC(=O)N[C@@H](C)c1ccc(C)cc1,3.7848400000000018,273.401,29.1,1,2,4,0.9020255535270705,2.4861856864322647
CC(C)C1CCC(=O)N(Cc2nncn2C2CC2)C1,2.0076,262.357,51.02,0,4,4,0.8336993609060752,3.272461738681902
C/C(=N\N=C(\N)O)c1cc(N2CCCCC2)ccc1F,2.412700000000001,278.33099999999996,74.21,2,3,3,0.5063211549805583,2.686543542644186
O=C(/C=C/c1ccco1)N1CCCc2[nH]ccc21,2.6003000000000007,242.27799999999996,49.24,1,2,2,0.8227766580090213,2.8793138294752243
CN(CC#N)C[C@@H](O)c1cccs1,1.2368800000000002,196.275,47.260000000000005,1,4,4,0.7368749999603222,3.2498120516974165
Cc1ccccc1C[C@H](C)[NH2+]C[C@@H](C)Oc1ccccc1Br,3.719420000000002,363.319,25.84,1,1,7,0.7972844745556165,3.6090408761286223
CCCN(CC(=O)NC)C[C@@H]1C[NH2+]C1,-1.362399999999996,200.30599999999993,48.95,2,2,6,0.5561080087353166,3.6213595330605592
COc1cccc(SCC[NH+](C)C(C)C)c1,1.7103999999999995,240.39199999999997,13.670000000000002,1,2,6,0.7607734242801074,3.695927070743216
COc1ccccc1NC(=O)COC(=O)C[C@H]1CC[C@H](C)N1C(=O)[C@H]1CCOC1,1.9829999999999994,404.4630000000002,94.17,1,6,7,0.6987015879526113,3.3838945155175413
O=C(CCc1cccc(F)c1)N1CCN(C2(c3ccccc3)CCN(Cc3cccc(F)c3)CC2)CC1,5.233100000000006,503.63700000000034,26.790000000000006,0,3,7,0.4416936580765507,2.4674777138504655
CCN(CC)c1nnc(CN2CCCC[C@H]2CCc2ccccc2)n1Cc1cccnc1,4.554900000000004,432.61600000000004,50.080000000000005,0,6,10,0.4702122175624165,3.0467358444118577
COc1ccc([C@@H]2CCCN(C(=O)[C@H]3SC(=S)N3)CC2)cc1OC(F)F,3.3401000000000014,402.4880000000001,50.8,1,5,5,0.7627585956082178,3.403012765229347
CCN(CC1CC[NH2+]CC1)C1CCCC1,1.2242999999999997,211.37299999999993,19.85,1,1,4,0.7411285231180289,3.7144666852374835
CO[C@@H](C)c1ccccc1OCC(F)F,3.0379000000000014,216.22699999999995,18.46,0,2,5,0.7527317647769782,2.7287033567026384
CCCCC(=O)Nc1cn(/C(=O)CNc2ccccc2)[nH]1,2.6972000000000005,288.35099999999994,78.92,3,4,7,0.7326083174743352,2.5030824731049215
CCCCSc1nc(Cl)cc(Cl)c1NC(=O)OC,4.458900000000002,309.2180000000001,51.22,1,4,5,0.4955048013408936,2.633031752522527
N#Cc1ccccc1N[C@@H]1c2ccccc21,3.0731800000000007,206.248,35.82,1,2,2,0.8191812399114249,2.194489228212488
C[C@@H]1CCCN(C(=O)N2C[C@H]3CC[C@@H]2C3)OC1,2.2542,238.33099999999996,32.78,0,2,0,0.648194119377335,4.690205763966153
C[C@@H](Oc1ccc(F)c(F)c1)N(C)S(=O)(=O)Cc1ccc(F)cc1,3.2905000000000015,359.3690000000001,46.61,0,3,6,0.7438338946777098,2.8053555198797913
Cc1cc(Cl)ccc1NC(=O)[C@@H](C)SC1(SCc2ccccc2)CCO1,5.7161200000000045,407.98800000000017,38.33,1,4,7,0.5957554695037675,3.334122565018599
Cc1cc(NC[C@@H]2C[NH2+]CC2)c(C)c(C)c1OCCC(C)(C)N1CCc2ccccc21,4.217260000000003,422.6370000000002,41.11000000000001,2,3,8,0.6693130065994243,4.019289292004274
COC(=O)C[NH+]1CCN(C(=O)C[C@@H]2CCCC[NH2+]2)C1,-2.649999999999995,271.361,67.66,2,3,4,0.548969763870798,5.600801450059435
C[NH+](C)CC/C(Nc1nc2ccccc2[nH]1)c1ccc(Cl)cc1,2.9041000000000006,329.855,45.15,3,2,6,0.650878258488422,3.473333752984101
CN(CC(C)C)C(=O)COC(C)(C)C,1.9158999999999995,201.30999999999997,29.540000000000003,0,2,4,0.6951428942331125,2.396139926351479
CCCCn1ccnn1,1.0781999999999998,125.17499999999998,30.71,0,3,3,0.6047826272419599,2.3968534510125394
CCNC(=O)Nc1ccc(N2CCO2)cc1,1.5796000000000001,221.25999999999996,53.60000000000001,2,3,3,0.8143829725213971,2.270219244579101
CCC(C)(C)N(C)S(=O)(=O)C(=O)Nc1cccc(C(=O)N2CCCCC2)c1,3.294800000000002,395.52500000000026,86.79,1,4,5,0.8286676654013282,2.568046509783226
CN(C)c1cc(NC(=O)N[C@H]2CCS(=O)(=O)C2)no1,0.049200000000000355,288.329,104.54,2,6,3,0.813993574079984,3.3046774582308576
O=C(NCCCCCC1CC1)c1n[nH]c2ccccc12,3.2631000000000014,271.36400000000003,57.78,2,2,7,0.7593163087416261,2.037573885577114
CC(C)[C@H](NCc1ccccc1O)C[NH+]1CCC[C@H](n2cccn2)C1,1.6228999999999993,343.495,54.519999999999996,3,4,7,0.7160950534776951,4.4806439164768985
CCCCOc1ccc(Nc2ncccc2OC)cc1,4.012700000000002,272.34799999999996,43.379999999999995,1,4,7,0.7732521199965047,1.7769439121023112
O=C(Nc1ccccc1)c1ccc(Oc2ccc(F)cc2)cc1F,5.009400000000002,325.31399999999996,38.33,1,2,4,0.7320982308661074,1.6280575531538979
C[C@H]1CCC[C@H](Cl)C1,2.8039000000000014,132.634,0.0,0,0,0,0.44496499724310384,3.2483832144722147
CC(=O)NCC[C@@H](C)N(c1ccc(F)c(F)c1)N(C)C,2.1625000000000005,285.338,35.580000000000005,1,3,6,0.8136507470985697,3.1741950636983143
CC[C@H](C(=O)NN)Cc1ccc(S(=O)(=O)NC)cc1[N+](=O)[O-],0.061500000000001054,330.3660000000001,144.43,3,6,7,0.2789276609122411,2.962261706620703
CC(C)[C@]1(O)CCCN(Cc2ccc(Cl)cc2F)C1,3.4620000000000024,285.79,23.47,1,2,3,0.9192461681280165,2.8354792333787877
CC(=O)[C@@H](C#N)C(=O)O[C@@H]1CCC[C@@H](C2CC2)C1,2.2271799999999997,249.30999999999995,67.16,0,4,4,0.5656888301091975,3.654299746794525
C[NH+](C)Cc1cccc(NCC(=O)N(C)c2ccc(-n3cncc3)cc2)c1,1.5917000000000008,364.473,54.6,2,4,7,0.6694894632462929,3.0689729148849754
CC[NH+](CC)[C@@H](C)C(=O)N[C@@H](c1ccccc1)C(C)(C)C,2.2032,291.45900000000006,33.54,2,1,6,0.8275874934601566,3.9357277203736807
Cc1c(C(=O)NC(=O)[C@@H]2CCC[C@@H]2C)sc2ccc(Cl)cc12,4.5557200000000035,335.85600000000005,46.17,1,3,2,0.8178673535356545,3.138778007479556
CC(=O)N1CCC(NC(=O)c2cc(C(=O)N(C)C)ccc2OC)CC1,1.1377000000000002,347.41500000000013,78.95,1,4,4,0.8857548220514561,2.0439534986200822
Cc1c(F)cccc1C[NH+]1CCN(Cc2cn(C)nn2)CC1,0.16332000000000058,304.39300000000003,38.39,1,4,4,0.8746517197200151,3.718253027516427
Cc1ccc(CSCCn2nnc3ccccc3c2=O)cc1,3.0333200000000016,311.41000000000014,47.78,0,5,5,0.6795917470008549,2.0654029244944496
O=C(C[C@@H]1SCCCO1)N[C@@H]1CCCC[C@@H]1CO,1.5233999999999999,273.39799999999997,58.56,2,4,4,0.8152400211977625,3.8507455323276734
O=C(c1ccccc1)OCO,0.7931999999999999,152.14899999999997,46.53,1,3,2,0.5031309506531298,1.621290658877875
O=C([O-])c1ccc(N2C(=O)Cc3ccccc3C2=O)cc1Cl,1.4329999999999996,314.70399999999995,77.50999999999999,0,4,2,0.785706932738382,2.510049208384741
CO[C@@H]1CCCC[C@H]1NC(=O)N[C@H]1CCCC[C@@H]1C,2.821900000000001,268.401,50.36,2,2,3,0.8266578070421335,3.2874253597846472
O=C(F)c1cccc(OCC[NH+]2CCN(S(=O)(=O)c3ccccc3Cl)CC2)c1,1.4179,427.9050000000001,68.12,1,4,7,0.6784792988553933,3.3548953732897324
Cc1cc(Br)cc(N/N=C(\N)c2cccc(Cl)c2)c1,4.143320000000001,338.6360000000001,50.41,2,2,3,0.501778467731487,2.320909901434531
CC[C@@](S)(CN(C)c1ccncc1)c1ccsc1,3.814600000000002,278.446,16.130000000000003,1,4,5,0.8370892292277524,3.6342008498524496
COc1cc/c(CNC[C@@H]2CN(C)C(=O)NC2=O)cc1,0.5826000000000002,277.324,70.67,2,4,5,0.8258277430754392,2.791341119058048
C[C@H]1C[C@@H](OCc2cccc(F)c2)C(C)(C)O[C@H]1[NH3+],2.1138999999999997,268.352,46.1,1,2,3,0.9123503475114557,4.094911002522998
CCC(CC)CC[NH+](CC)CC(=O)[O-],-0.5325999999999975,201.30999999999997,44.57,1,2,8,0.5734773513506553,4.976412762640603
CCOc1ccc(C[NH2+][C@@H](Cn2c(C)nc3ccccc23)C2CCOC2)cc1,2.9121200000000007,380.51200000000017,52.89,1,4,8,0.6537503912247276,3.7314480436928887
O=C1NC(=S)N1c1nccc(Br)c1,1.6585999999999999,258.1,45.230000000000004,1,3,1,0.7789643160949943,2.8605282115472868
O=[N+]([O-])c1ccc(C[NH2+]Cc2cccnc2)cc1,1.2533999999999998,244.27400000000003,72.64,1,3,5,0.6352125793640094,2.9949169052818547
CC(C)C[C@H]([NH3+])CCc1nnc(Cc2ccco2)s1,2.3110999999999997,280.417,66.56,1,4,7,0.84601843973092,3.768203296495159
C[C@H]1CS(=O)(=O)COCC1,0.41510000000000025,164.22599999999997,43.370000000000005,0,3,0,0.5207136011752937,3.898264745287179
O=C(CC1CC1)NCCn1nnc(-c2ccco2)c1,1.4544,260.297,72.95,1,5,6,0.8528938179128625,2.4595840484196216
Cc1cccc(N2C[C@H](C(=O)Nc3ccccc3C)CC2)c1,3.7684400000000027,294.3980000000001,32.34,1,2,3,0.9343195727969037,2.1523956588753457
CCOC(=O)c1ccc(NC(=O)C2CCN(S(=O)(=O)C3CC3)CC2)nn1,0.7959999999999996,382.4420000000002,118.56,1,7,6,0.7227550032292348,2.4700641048482765
Cc1ccc(OCCC(=O)Nc2ccc(Br)cc2[N+](=O)[O-])cc1,4.0733200000000025,379.21000000000015,81.47,1,4,6,0.6059893486461362,1.8729828018199868
Cc1ccc(F)c(NC(=O)[C@@H](C)[S@](=O)c2ccccc2F)c1,3.4080200000000014,323.36400000000003,46.17,1,2,4,0.937082552787589,2.991359709875521
C[C@@H](c1ccccc1Cl)N(C)[C@@H](CO)c1ccccc1F,4.205500000000003,307.796,23.47,1,2,5,0.894377968527305,2.952988169407405
COc1ccc2c(c1)[C@H](OCc1c(F)cccc1F)O[C@H](C)C2,4.150000000000003,320.33500000000004,27.69,0,3,4,0.8468300301790298,3.2795015102779805
COc1ccc(Cl)cc1[C@@H](C)NC(=O)C(=CC[NH+]1CCOCC)C1,1.3871999999999995,353.8700000000002,52.0,2,3,8,0.694343093456417,4.123722394336646
C[C@@H](C#N)CN(CCC(F)(F)F)c1ccccc1,3.6050800000000027,256.271,27.03,0,2,5,0.8043454431714816,2.8533853728924345
CN1[C@H](CO[C@@H]2CCC[NH+]2C)CCO1,-0.7266999999999977,201.28999999999996,26.14,1,3,3,0.6520742921847665,5.816312496761625
CN(Cc1ccc(OCC2CCCC2)cc1)C(=O)/C=C/c1ccccc1,4.927400000000005,349.474,29.54,0,2,7,0.6635804147638013,2.0182298943219603
CC[C@@H](CNC(=O)Nc1cc(Cl)cnc1C)c1ccccc1,4.358720000000003,317.82,54.02,2,2,5,0.8605633136192821,2.584605088155744
CC[NH+]1CCC[C@H](OCc2c(O)ccc(OC)c2[C@@H]2CC[C@H](C(=O)OC)C2)C1,2.0412999999999997,392.51600000000025,69.43,2,5,7,0.695287850257464,4.640973996625485
C[NH2+]C(C)(C)C(=O)Nc1cccc(C[NH+]2CCN(C(=O)OC)CC2)c1,-0.9361999999999953,350.46300000000014,79.69000000000001,3,3,5,0.6415545357808838,4.062870634169954
CCCC[C@H](C)NC(=O)[C@H](F)c1ccccc1,3.392100000000002,237.318,29.1,1,1,6,0.806922354571041,2.736065569553869
C[C@@H](NC(=O)[C@@H](C)[NH+]CC(=O)Nc1cccc(Cl)c1)c1cc(F)ccc1Cl,2.6861000000000006,412.29200000000003,73.8,3,3,7,0.6545021480894783,3.5503102771047477
CCCN(C(=O)NCc1ccc([N+](=O)[O-])s1)c1cccnc1,3.177500000000001,320.374,88.37,1,5,6,0.6537337209898821,2.601295069345566
CCNC(=O)C[NH+]1CCN(c2ccccc2N2CCCCC2)CC1,0.5179000000000016,331.48400000000026,40.02,2,3,5,0.8263156637782381,3.279663133660348
COCc1cnc(Nc2sc(C)nc2c3ccccc3[N+]2CNC(=O)C(F)(F)F)n21,3.3893200000000014,438.4350000000001,86.97,2,8,4,0.6101492303038508,3.9142020547162124
CS(=O)(=O)N1CCC[C@H](C(=O)N[C@H]2CCC[C@@H]2CO)C1,-0.0647999999999988,304.4120000000001,86.71000000000001,2,4,4,0.7613441257216894,3.266556622544842
CN(C)c1ccccc1NC(=O)N[C@H](C)c1cccc(S(N)(=O)=O)c1,2.2827,362.4550000000001,104.53,3,4,5,0.758742700786036,2.537968786734009
C[C@H](O)CC(F)(F)COc1c(F)cccc1F,2.7498000000000014,252.207,29.46,1,2,5,0.8163515023533313,3.1127050373752994
C[C@@H](NC(=O)COc1ccc2nc(C)cnnc2s1)c1ccccc1[N+](=O)[O-],3.119500000000002,399.43200000000013,118.55000000000001,1,8,6,0.5822285811442198,3.9979382689413203
C[NH+](CC(=O)N1CCC(C)(C)C[C@H]1OC(=O)[O-])c1ccc(Cl)s1,0.8822999999999985,360.86299999999994,74.11,1,5,4,0.8089009634410436,4.979229004074508
Cc1cc(Cc2nccs2)c([C@@H]2CCCN(C(=O)N(C)C)CC2)c(C)n1,3.9968400000000033,372.5380000000002,49.330000000000005,0,4,3,0.8182238216590411,3.2127683875695325
Cc1c(Cl)cccc1S(=O)(=O)c1ccccc1,3.4812200000000013,266.74899999999997,34.14,0,2,2,0.8339395263611139,1.7292204279944023
CCCC[NH+]1CCC(Cn2nc(-c3ccc(Br)cc3)cc2C)[C@H](C)C1,3.9620200000000034,405.4040000000001,22.26,1,2,6,0.7723596253565049,4.407906782132369
COc1ccc(C(=O)Nc2cc(SC)ccc2C)c(OC)c1,3.9864200000000025,317.4100000000001,47.56,1,4,5,0.8472446998256092,1.8507180608437555
Cc1nc(NC(=O)c2ccc(Br)cc2)c(=O)n(-c2ccccc2)c1C,3.8641400000000017,398.2600000000001,63.99,1,4,3,0.7288655816978502,2.109262664748071
C[C@@H]1CS(=O)(=O)N(C2CCc3ccccc32)C1,1.9554000000000002,251.35099999999997,37.38,0,2,1,0.7648313042944793,3.5823700499139353
CCCCCCOc1cc(C(=O)NC[C@H]2C[C@@H]2C)ccc1C,4.339920000000004,303.446,38.33,1,2,9,0.689144545571732,2.676400453885609
O=C(CCNC(=O)c1ccco1)[C@@H]1CCCN(CCO)C1,0.6728999999999998,294.351,82.78,2,5,7,0.7722275893212285,2.7476143836592204
CC1CCC(NC(=O)[C@@H]([NH2+]CCc2cccs2)C2CC2)CC1,2.3275000000000006,321.5100000000001,45.71,2,2,7,0.7953272339397078,3.6959143401940278
C[C@@H]1CC(c2ccncc2)OC(=O)N1,1.6411,192.218,51.22,1,3,1,0.7354747831694836,3.5095657845347477
COc1cccc(CNC(=O)[C@H]2CCN(C(=O)CCC(=O)NC3CCC3)C2)c1,1.6088,387.4800000000002,87.74000000000001,2,4,8,0.7094054762099047,2.4903795542383023
Cc1cccc([N+](=O)[O-])c1[C@H](O)C[NH+]1CCC[C@@H](C)C1,1.2514199999999993,279.36,67.81,2,3,4,0.6436712908514776,4.665939559607777
CSc1ncsc1C(=O)N[C@@H](C)Sc1ccccc1,3.733100000000002,310.469,41.99,1,5,5,0.6747060262828314,3.3336084247002855
COc1ccc(CN(C)S(=O)(=O)c2cc(-c3ccncn3)no2)cc1,1.9608999999999999,360.39500000000004,98.42,0,7,6,0.6624337894250083,2.537545710716186
O=C(c1cccs1)N(Cc1ccc(O)cc1)Cc1ccc(-c2ccccc2)cc1,5.963300000000006,399.5150000000001,40.540000000000006,1,3,6,0.4342818727086013,1.9550857360008642
COc1ccc(OCC(=O)NCc2ccc(OC(C)(C)C)cc2)cc1,3.567700000000002,343.42300000000006,56.790000000000006,1,4,7,0.8349370551742157,1.7799160713414768
NS(=O)(=O)[C@@H]1CCCN1C(=O)Cn1c([S-])nnc1N1CCCCCC1,-0.19869999999999943,387.51100000000025,114.42,1,8,4,0.711680734244981,3.723815186216881
Cc1cc(Cl)cc(N[C@H](O)COc2ccccc2c2ccccc2)c1,5.1247200000000035,353.8490000000001,41.489999999999995,2,3,6,0.6038477384045873,2.621127384019079
Cc1cc(NC(=O)C(=O)NCC[C@](N)(C)C)ccc1Cl,1.8305199999999995,297.78599999999994,84.22,3,3,4,0.7413609920936954,2.1993163759429617
CC(=O)N[C@@H]1c2ccccc2C[C@@]1(C)C,2.4461000000000004,203.28499999999994,29.1,1,1,1,0.7459516761246098,2.868937878278622
CCNC(=O)[C@@H]1c2ccccc2SC(=S)N1Cc1cccs1,3.818100000000003,348.5180000000001,32.34,1,4,4,0.8516090724416643,3.1779978566775444
CC[C@]1(Nc2ccc(S(N)(=O)=O)cc2)CCC1,2.0786000000000002,254.35499999999993,72.19,2,3,4,0.8636986070647106,2.337211063445908
CNc1cc(C[S@@](=O)=O)ccc1OC(F)F,1.7087999999999999,250.24599999999998,55.400000000000006,1,4,5,0.8639176762909371,2.865887652450299
COc1ccccc1C(=O)NNc1ccc(C(=O)Nc2ccccc2)cc1,3.7044000000000015,361.401,79.46000000000001,3,4,6,0.5850040317500117,1.7184614647966026
C[C@@H](OC(=O)N1CCOc2ccc(F)cc21)C1CC[C@H](C2CC2)C1,4.375900000000004,333.40300000000013,38.769999999999996,0,3,3,0.8240090860293489,3.575357045376247
C[C@](CO)(O)c1ccccc1F,1.0255,170.18299999999996,40.46,2,2,2,0.6954248481795174,2.599873478481042
COc1ccccc1OC/C=C(/C)C,3.0402000000000013,192.25799999999995,18.46,0,2,4,0.6825188714028502,1.769719638946576
COC(=O)Cc1cccc(C(C)(C)C)c1OC1CC1,3.240800000000002,262.349,35.53,0,3,4,0.7813886864459777,2.2856199842485
C[C@H]([NH2+]C[C@@]1(C)CCCC1)c1ncc(Br)cc1F,3.1879000000000017,316.238,29.5,1,1,4,0.9081507981439193,4.103231112295889
CCOc1cccc(Cn2nnc(CCC#N)n2)c1,1.57628,257.29699999999997,76.62,0,6,6,0.7847486113824873,2.4556039085594836
CC1(C)[C@H](C(=O)N[C@@]2(C)CC[C@H]2O)CCO1,0.8311,227.30399999999995,58.56,2,3,2,0.7343804568939835,4.41951239894018
CC(C)N(Cc1cc([N+](=O)[O-])ccc1OC(F)F)NCc1ccccc1,4.111400000000003,365.38000000000005,67.64,1,5,9,0.5349683636396598,2.616481412540585
C[C@@H]1OCCCC[C@@H]1[NH2+][C@H]1c2ccsc2C(C)C1,2.817400000000001,266.43000000000006,25.84,1,2,2,0.8749241600649795,4.999004958622853
O=C(CC1CCCC1)NCCNC(=O)Cc1nc(-c2ccc3ccccc3c2)cs1,4.318500000000004,421.5660000000001,71.09,2,4,8,0.532320916173628,2.277585920850079
CC[C@H](CC[C@@H](C)OC(=O)c1cccc(F)c1)NC(=O)c1ccncc1Cl,4.4082000000000034,392.85800000000006,68.28999999999999,1,4,8,0.6755191508570324,3.0712938529883234
C#CCOc1ccc(/C=C/C)cc1OC,2.7403000000000013,202.25299999999996,18.46,0,2,4,0.6988150195634925,2.257339712210509
COc1ccc2[nH]cc(C(=O)N3CCN([C@H](C)CO)CC3)c2c1,1.3150999999999997,317.38900000000007,68.80000000000001,2,4,4,0.892151193868171,2.632182488863606
O=C(Nc1cc(F)ccc1Cl)N1CCC[C@H]2CCC[C@H]12,4.275500000000003,296.773,32.34,1,1,1,0.8242138618161743,2.769865872776558
O=C(NCc1ccccc1)C1CCCC1,2.4930000000000003,203.28499999999994,29.1,1,1,3,0.8030816204858472,1.397278223699022
COC(=O)[C@@H]1CC[C@@H](C(=O)NCCc2ccncc2)C1,1.329599999999999,276.336,68.29,1,4,5,0.8237937470517057,2.7821816622502418
[NH3+]Cc1nc(C(F)(F)Cc2ccc(F)c(F)c2)no1,1.4242000000000004,276.213,66.56,1,3,4,0.8588234951209568,3.3136412512168247
CC/CCC(=O)Nc1ccc(C(=O)O[C@@H]2CCC[NH+]2C)cc1,1.6066999999999996,305.39799999999997,59.84,2,3,6,0.7850491853642394,3.7243838041683244
COc1ccc(OC)cc1NC(=O)Cc1ccc(S(=O)(=O)N2CCc3ccccc32)cc1,3.6364000000000027,452.5320000000002,84.93999999999998,1,5,7,0.5917304454670994,2.074551091508363
COc1ccc(CN2S(=O)(=O)c3ccccc3[C@@H]2O)cc1,1.8905999999999998,305.355,66.84,1,4,3,0.9401434778291664,2.7632603810516585
O=C(Nc1sc2ccccc2c1OCC(F)F)Nn1c(=O)n(-c2ccccc2)c2ccccc21,5.426400000000003,480.49600000000015,77.28999999999999,2,6,6,0.34045498374693695,2.914273557101195
Cc1cccc(O[C@@H](C)/C([O-])=N\S(=O)(=O)c2ccc3c(c2)OCO3)n1,1.0337199999999998,363.37100000000015,110.14,0,7,5,0.5762303386085381,3.4088112301729234
CCN(C)S(=O)(=O)c1ccc(NCC(=O)OC(C)C)cc1,1.6905,314.40700000000004,75.71000000000001,1,5,7,0.7751755957811586,2.135211202849753
C[C@@H](CCCO)NC(=O)Nc1ccc(F)cc1NC(=O)c1ccccc1,3.360500000000002,359.4010000000001,90.46000000000001,4,3,7,0.6109334535640802,2.41455279220599
CCn1c[nH+]nc1S(=O)(=O)C[C@@H]1CCC[C@@H](C)N1,0.021400000000001473,273.3819999999999,78.13,1,5,4,0.8387405334197396,4.789215624834524
Cc1cccc(OCC(=O)N2CCC(Cc3cccc(Cl)c3)CC2)c1,4.508520000000004,357.8810000000001,29.54,0,2,5,0.7875698693672007,1.9333185438689497
O=[N+]([O-])c1sccc1F,1.7953999999999999,147.12999999999997,43.14,0,3,1,0.44861237083998157,3.073122237994787
C[NH2+]CCc1cccc2ccccc12,1.5755,186.278,16.61,1,0,3,0.7491509742498099,2.740198034097391
C[C@H](NC(=O)Nc1cc(C(F)(F)F)ccc1F)c1ccc(F)cc1,4.8663000000000025,344.283,41.13,2,1,3,0.7668086087064894,2.374018005086892
CCn1c(SCC(=O)N[C@@H](Cc2ccccc2)C(F)(F)F)csc1=O,3.311600000000002,390.45200000000006,51.1,1,5,7,0.7382897529544161,3.194975042881955
COc1cccc(C[C@@](C)(O)C[NH3+])c1,0.23059999999999986,196.26999999999998,57.1,2,2,4,0.7240025478914872,3.194542361064938
COc1ccc(NCC[NH+](C)CC)cc1C(=O)CSc1c(F)cccc1F,2.8949000000000016,395.495,42.769999999999996,2,4,10,0.4796205363224392,3.607440109680458
CCCC(=O)Nc1nc(SCC(=O)Nc2ccc(F)cc2)cs1,3.7516000000000016,353.444,71.09,2,5,7,0.74382076359649,2.1965835599560837
C[C@@H]1CCC[C@@H](CNC(=O)c2occc2C(F)(F)F)C1,3.8545000000000025,289.297,42.24,1,2,3,0.9178688289598004,3.357706343884397
C#CC(CC)=C1\C(=O)N(c2ccc(C(=O)OC)cc2)C1=O,1.6862,283.283,63.68,0,4,3,0.2782780673577541,2.670522162942291
O=C(C[C@H]1CCCN(Cc2ccncc2)[C@H](Cc2ccccc2O)C1)Sc1ccccc1,5.709600000000006,446.61600000000016,53.43000000000001,1,5,7,0.4712547950027099,3.364821450240182
O=C(Nc1cn(CC[NH+](CC2CC2)N2CCCCC2)nn1)C1CC1,0.32240000000000113,333.46000000000004,67.49000000000001,2,5,8,0.7190878691394329,4.127530523738807
O=C(COc1ccc(C(=O)[O-])cc1C(F)F)N1C[C@H]2CCC[C@@H]2[C@@H]1c1ccccc1,3.3663000000000025,414.42800000000017,69.67,0,4,6,0.7268937562892969,3.7869194505950086
Cc1nc(COc2cc(F)c(Cl)cc2)sc1C(=O)[O-],2.18652,300.7180000000001,62.25,0,5,4,0.86808581664117,2.6627388843529207
COc1ccccc1C(=O)N1CCC(OCC(=O)NCc2ccccc2)CC1,2.6328000000000005,382.4600000000001,67.86999999999999,1,4,7,0.7994085087917074,1.943867373722492
O=C1C[C@H](O)[C@@H]2CCCC[C@@H]2[NH+]1,-0.8144,169.22400000000002,52.9,2,2,0,0.49786818910065245,4.988263540350627
CS[C@H]1CCC[C@H]1NC(=O)N(CC1CCCC1)c1cccs1,4.738400000000005,338.542,32.34,1,3,5,0.8409051645783813,3.6749395656447517
CN(C)c1ccc(/C=O)c(N[C@@H](C)c2ccccc2)c1,3.7382000000000026,268.36,32.34,1,3,5,0.8384069210920495,2.582405130047059
CCCNC(=O)NC(=O)C(C)(C)OC(C)(C)C(C)C,2.452,272.38899999999995,67.43,2,3,6,0.7801564644771716,2.874628751216825
C[C@H](NC(=O)CN1CCN(c2ccccc2Cl)C=C)CC1,2.5003,307.82500000000016,35.580000000000005,1,3,5,0.90766887572914,3.3528272650151525
S/C([O-])=N/c1cc([N+](=O)[O-])cc(Cl)c1,1.5257999999999998,231.64,78.56,1,4,2,0.27560921266511546,3.314073101284654
COc1ccc(C(=O)N(C)[C@@H]2C=C[C@H](C)[NH+](C)C2)cc1C,0.9172199999999999,289.39900000000006,33.98,1,2,3,0.8396564223417108,4.327870814902466
CN(C)C(=O)N1C(NC(=O)c2c(Cl)cc(Cl)cc2Cl)CCO1,3.021600000000001,366.6320000000002,61.88000000000001,1,3,2,0.8749477296455105,3.5041935728258036
CN(C)Cc1[nH+]cnc2ccc(NC(=O)Cc3nc[nH]c3)nc12,0.40979999999999916,312.357,100.94000000000001,2,5,5,0.7104040439706791,3.7262761366101973
C[C@@H](CCc1ccccc1)NC(=O)COC(=O)C(C)(C)C,2.7132000000000014,291.391,55.4,1,3,6,0.8199039885020627,2.3249029666551735
Fc1nc(CCOc2cccc(Br)c2)cc(S(C)(=O)=O)c1C(F)(F)F,4.027000000000002,442.2280000000001,56.26,0,4,5,0.5186975093857853,2.728187631124978
CSc1c[nH]c2ncc(C(=O)Nc3ccccc3)cc12,3.5371000000000015,283.35600000000005,57.78,2,3,3,0.7228272261656674,2.208034363030695
COc1ccccc1OCC(=O)CS/C(N)=O,1.455,255.29499999999993,78.62,1,5,6,0.8320239132924917,2.2452135540173153
CC1(C)N2CCCCN(C(=O)CCCC2)C1,1.8733000000000002,224.34799999999996,23.55,0,2,0,0.6269621656055814,4.383251943952909
CCNS(=O)(=O)N1CCN(C(=O)c2ccc(Br)c([N+](=O)[O-])c2)CC1,0.9694000000000005,421.27300000000014,112.86000000000001,1,5,5,0.5624958877679972,2.3420855850551074
C[C@@H]1CCCC[C@@H]1[C@@H](c1cc2cc(Cl)ccc2o1)CCCNC(=O)c1cccs1,7.267800000000006,430.0130000000002,42.24,1,3,7,0.4010325508294389,3.590066118304998
C#CCc1cc([C@@H](NC(=O)NCCO)CC2CC2)ccc1C,2.30342,300.402,61.36,3,2,7,0.6767134096431449,3.115385570602963
CC1(CO)CCCCCN1C(=O)OC(C)(C)C,2.5485000000000007,243.34699999999998,49.769999999999996,1,3,1,0.7696631771114969,3.0503819604522224
Cc1nc2n(n1)CCCC2,0.92282,137.186,30.71,0,3,0,0.5320890986226984,2.6650375364367864
O=C(Nc1ccccc1CN1CCCC1)S(=O)(=O)c1ccccc1,3.2882000000000025,344.436,66.48,1,4,4,0.9241323671549848,2.11276524546159
CC1=[NH+]C[C@H](C[NH+]2CCN(Cc3cccc(C)c3)CC2)O1,-1.4066799999999937,289.4230000000001,30.88,2,2,4,0.7137977119097862,4.7215335765974284
Cc1ccccc1[C@H](NC(=O)c1cccs1)C1CCOCC1,3.954220000000003,315.43800000000016,38.33,1,3,4,0.9273748354360627,2.711683399259961
CCCOc1ccccc1N1CCCCC[C@@H]1OC,3.8283000000000023,263.3809999999999,21.700000000000003,0,3,5,0.8056082260054315,2.674470056401919
CCOC(=O)N(C)C(=O)CNC(=O)c1ccc(NC(=O)c2ccc(F)c(F)c2)cc1,2.5618,419.3840000000001,104.81,2,5,6,0.748920639325722,2.21265958620911
N#Cc1ccc(OCCNC(=O)N[C@@H]2CCS(=O)(=O)C2)cc1,0.42337999999999987,323.3740000000001,108.28999999999999,2,5,5,0.7636475895420896,2.6766976439870085
CCn1cc(C(C)C)nc1CC(=O)N1CCC(OCCC(=O)[O-])CC1,0.7165000000000001,350.4390000000002,87.49000000000001,0,6,8,0.6891943489006452,3.1670044134341664
CCc1ccc(N2C(=O)c3ccccc3-c3ccccc32)cc1C,5.014720000000004,313.4000000000001,22.0,0,2,2,0.4765272728946361,1.9165110648595824
CCS(=O)(=O)NC1CC[NH+](Cc2cc3c(s2)CC3)CC1,0.33330000000000126,315.48400000000015,50.61,2,3,5,0.8228486755478811,4.0681659978205875
CC1(CNC(=O)[C@@H](CO)OC)CCCC[C@H]1OC(C)(C)C,1.8738999999999988,301.427,67.79,2,4,6,0.7857706564174255,3.9434387732598974
Cc1nc([N+]CC(=O)N2CCN(C(=O)NCc3ccccn3)C2)no1,0.020419999999999883,344.3550000000001,118.56000000000002,1,6,5,0.8166622346018545,3.2820781592535644
C=CCN(CC)C(=O)c1cc2ccc(=O)n(CC)c2s1,2.7310000000000008,290.388,42.31,0,4,5,0.7946113394211018,2.70783411706976
Cc1ccc(S(=O)(=O)NC[C@@H](O)C2CC2)cc1C(F)(F)F,2.06302,323.33599999999996,66.4,2,3,5,0.871569302911361,2.7763229151277518
C[C@H](c1cccc([S@@](=O)(=O)c2ccc(Br)o2)c1)C(=O)NC(C)(C)c1ccncc1,4.424900000000004,477.38000000000017,89.27,1,5,6,0.5677984793339131,3.2292703001328924
CCS(=O)(=O)Cc1cc(F)cc(C)n1,1.4638200000000001,217.265,47.03,0,3,3,0.7697603427029142,2.590465616877168
COC(=O)c1[nH]c(-c2cccs2)nc1C(F)F,2.862400000000001,258.249,54.980000000000004,1,4,3,0.8611079762447427,2.775807007372471
COc1ccc(C2=C(C(C)(C)O)N(c3nc4ccccc4o3)c3ccccc32)cc1,5.674700000000005,398.4620000000001,60.42,1,5,4,0.42338121606632323,2.516507306441232
CC(=O)c1cccc(NC(=O)c2ccccc2-c2ccccc2)c1,4.808500000000004,315.372,46.17,1,2,4,0.702348705951407,1.5666709310803206
O=C(NCC1CC[NH2+]CC1)c1cccc(N2CCOCC2)c1,0.2264000000000017,304.4140000000001,58.18000000000001,2,3,4,0.836917340924027,3.0022895110329104
C=C[C@@H]([NH2+]CCS(C)(=O)=O)CN1CCN(c2ncc(Cc3ccccc3)c(=O)[nH]2)CC1,-0.3546999999999958,446.5970000000002,102.97999999999999,2,6,10,0.4836504731400311,3.7971387675287485
CN1CCO[C@@H](C[C@H](O)c2cocc2F)C1,1.1728,229.25099999999998,45.84,1,4,3,0.8448329039823116,4.035340981883249
COc1cc(NC(=O)[C@@H]2C[C@H]2c2ccccc2)ccc1-c1ccccc1,5.1044000000000045,343.4260000000001,38.33,1,2,5,0.6993977214790377,2.5103042632050556
CCC[C@@H](C)NC(=O)N1CCN(c2cc[nH+]cc2)CC1,1.5208999999999997,277.39200000000005,49.720000000000006,1,2,4,0.9069306094682478,3.5968480161083676
O=C(CNC1CCCC1)NC(=O)c1cn(C2CC2)nn1,0.40159999999999957,277.328,88.91000000000001,2,6,5,0.8130340184347724,2.4942736901282796
CCCC([NH3+])(c1cccnc1)OC1CC1,1.4553999999999998,207.29699999999994,49.760000000000005,1,2,5,0.7429691608533798,3.7269262996133854
CC[NH2+][C@H](CNc1cc[nH+]cc1)C(F)(F)F,0.4268000000000006,235.25299999999996,42.78,2,1,5,0.763190786611589,5.389846651162796
O=C1N(c2ccc([N+](=O)[O-])cc2)CCC[C@H]1O,1.0824999999999998,236.22699999999995,83.68,1,4,2,0.6148204943145698,2.5755182615978853
O=C(NCC(=O)Nc1cccc(C(=O)Nc2ccc(Cl)cc2)c1)Nc1ccccc1,4.352500000000002,422.8720000000001,99.33000000000001,4,3,6,0.47476100260383297,1.7533539969600156
C[NH2+][C@@H]1CC[C@H]([NH2+]C)C1,-1.7060999999999973,130.235,33.22,2,0,2,0.4463830612814213,6.859525744529705
CCCNC(=O)[C@H](SC)[C@H]1c2ccccc2C1,2.5841000000000003,249.379,29.1,1,2,5,0.8687637222481308,3.3086921652985506
COc1ccc([N+](=O)[O-])c([C@H]2CCCCO2)c1,2.8450000000000006,237.25499999999994,61.60000000000001,0,4,3,0.5986735141837097,2.6504754219906825
Cc1cccc(N/C(N)=N/C(=O)CNn2cccn2)c1,0.6884199999999996,272.312,97.33,3,4,4,0.5617019786727143,2.971084216444071
CN(Cc1ccccc1)c1ccc(NC(=O)c2cccc(C(=O)N3CCCC3)c2)cc1,4.811300000000004,413.52100000000024,52.650000000000006,1,3,6,0.6308781916839341,1.912239088217781
CCc1nn(-c2ccc(Br)c(Cl)c2)c(S(=O)(=O)NCCO)c1C,2.429620000000001,422.73200000000014,84.22,2,5,6,0.7486617276916534,2.8157961005172574
Cc1ccc(C(=O)Nc2ccc(CSc3ccccc3)cc2)c(OCC(C)(C)C)n1,6.359520000000006,420.5780000000002,51.22,1,4,7,0.4519322560418107,2.226459553100181
CN(C)c1cccc(NC(=O)C(=O)NC[C@@H](C)c2cnn(Cc3ccccc3Cl)c2)c1,3.5092000000000017,439.9470000000001,79.26000000000002,2,5,7,0.5519894026986361,2.866392981418308
C[C@H](NC=C/c1ccc(O)cc1F)[C@H](C)n1nc(C2CCCCC2)[nH]c1=O,3.6738000000000017,374.4600000000002,82.94,3,5,6,0.7203353799017307,4.032960857036906
C[S@@](=O)c1cc(C(=O)Cc2ccccc2)n[nH]1,1.5725,248.30700000000002,62.82,1,3,4,0.8353462409309268,3.173115806606069
CCSc1ccccc1Cn1c(=O)[nH]nc1C1CCCCC1,3.7794000000000025,317.4580000000002,50.68,1,4,5,0.8538740944995427,2.4604769629559886
CCN(CC(=O)CC)C(=O)c1ccccc1C,2.4362200000000005,233.311,37.38,0,2,5,0.7829644512215428,2.0002919999007567
COC(=O)CN(C)CC(=O)NCC(=O)N1CCCCC1,-0.7800999999999978,285.34400000000005,78.95,1,5,6,0.6477322847422126,2.0798002709159125
O=C([O-])c1ccoc1C1(c2ccc(F)cc2)CCCO1,1.8361999999999998,275.255,62.5,0,4,3,0.8570434808450985,3.6500391092257765
CS(=O)(=O)c1cccc(NC(=O)[C@@H]2COc3ccccc32)c1,2.2047999999999996,317.36600000000004,72.47,1,4,3,0.941780818264617,2.522431390885272
O=C(Nc1ccccc1SCC(=O)N1CCCCCCCC1)c1nc2ccccc2s1,5.823500000000005,453.6330000000002,62.300000000000004,1,5,5,0.4943021355649035,2.6466356840737415
[NH3+][C@H](c1ccccc1)c1cnc([C@@H]2CCN(c3ccccc3Cl)CC2)nc1,3.8453000000000026,379.91500000000013,56.660000000000004,1,3,4,0.7486953779142843,3.130033511822619
CCN1C(=O)NCCN(CC(=O)NC2CCCCC2)c2ccccc21,2.4913999999999996,344.45900000000006,64.68,2,3,4,0.8819259270541633,2.3568223900227974
C[C@H]1CCCN(C(=O)NCc2c[nH]c3ccccc23)C1,3.109400000000001,271.3640000000001,48.13,2,1,2,0.8659575682429451,2.4505172747988606
CCC(C)CC(=O)NCC1(CO)CCCCCCC1,3.261800000000002,269.4289999999999,49.33,2,2,6,0.7772966427383151,2.8707456283771116
Clc1ccc(-n2ncnc2C[NH2+]Cc2ccc(Nc3ccccc3)nn2)cc1,2.7179,392.874,85.13000000000001,2,6,7,0.5048014686595627,3.05909688664598
O=C(NCc1cnn(-c2ccccc2)c1)c1ccc(N2CCN(C(=O)c3ccccn3)CC2)cc1,3.1597000000000017,466.5450000000003,83.36,1,6,6,0.4720544713119771,2.2275790366504182
COc1cccc(Cl)c1C[NH+]1CCC[C@@H](C(C)O)C1,1.5242999999999998,284.80699999999996,33.900000000000006,2,2,4,0.879150362124729,4.471214446756559
O=C(CSc1nc2cccc(Cl)c2s1)N1CCN(S(=O)(=O)Nc2ccccc2)CC1,3.542900000000002,483.04000000000025,82.61000000000001,1,6,6,0.5431844438747687,2.4071967518795123
CS[C@@]1(C[NH3+])Cc2cc(Cl)c(F)cc21,1.8354,232.731,27.64,1,1,2,0.8280805855819069,4.3899682719961115
CN(C)S(=O)(=O)c1ccc(NC(=O)c2ccc(CS(C)(=O)=O)cc2)cc1,1.7338,396.4900000000001,100.62,1,5,6,0.801431015276783,1.8997932257273966
Cc1cccc(-c2nc(-c3nnn[n-]3)ns2)c1,1.3227199999999997,243.27500000000003,78.55,0,6,2,0.6751147014043521,3.7089075049174784
CN(C)c1ccc(NC(=O)NN2CCC(C(=O)[O-])C2)cc1,-0.1390999999999991,291.331,87.74000000000001,2,5,4,0.8060329421375432,3.172705312041183
CC[C@@H]1CCCN1C(=O)C(=O)c1ccc(CO)cc1Cl,2.4160000000000004,295.76599999999996,57.61,1,3,4,0.6853828459016588,2.7050585865905177
Cc1c(N2C(=O)S/C(=N\c3ccccc3)CC2)sc2ccccc12,6.003220000000003,352.48400000000004,32.67,0,4,2,0.5661511396939309,2.9785646721218857
CC[C@@H](CC)[NH+](C)CCc1cnn(C)c1,0.6659000000000006,210.345,22.26,1,2,6,0.7321992324065482,4.428487596852731
COc1cccc(CN2C(=O)/[C@H](Cc3ccccc3)C2)c1,2.896300000000001,281.355,29.54,0,2,5,0.7886911559299243,2.3353600583124354
N#Cc1ccccc1C(=O)N1CCC(c2cccc(F)c2)C1,3.3270800000000023,294.329,44.1,0,2,2,0.8524530167628018,2.47471214239183
C#Cc1c[nH]cc1S(=O)(=O)N1CCC(NC(C)C)C(=O)N1,-0.21179999999999927,310.379,94.30000000000001,3,4,4,0.6707117357474233,4.149556407950717
CC(C)[C@@H]1CCN(C(=O)C2CCOCCO2)CC1,1.6864999999999999,255.35799999999992,38.77,0,3,2,0.75342594906832,2.8603637457800524
COc1ccc(NC(=O)c2ccc3nnccc3c2)cc1OC,2.899300000000001,309.3250000000001,73.34,1,5,4,0.8019115052244318,1.949558654092714
Cc1ccc(OC(=O)CCCc2ccccc2)c(C[NH+](C)C)c1C,2.876240000000001,326.46000000000004,30.740000000000002,1,2,7,0.6264077599437006,2.809058521556034
C[C@H]1OCCC[C@H]1[NH+]1CCN(C(=O)NCc2ccccc2)CC1,0.6642000000000021,318.4410000000001,46.010000000000005,2,2,3,0.8601877313541797,4.063504219807258
C[C@H]([NH3+])c1csc(S(=O)(=O)N(C)C)n1,-0.3036999999999994,236.34199999999998,77.91,1,4,3,0.7821233071996195,4.065722118149958
CC(=O)Nc1cccc(NC[NH+](C)C)c1C,0.4673200000000002,222.31199999999995,45.57,3,2,4,0.6484142133690525,3.16193452185996
C=CCN(Cc1nccs1)C(C)(C)C,2.9296000000000015,210.34599999999998,16.130000000000003,0,3,4,0.7103243815266786,3.0283396950038792
COc1cc([C@H]2CCCN2C(=O)N(C)Cc2ccccc2)ccc1Br,4.846600000000005,403.32,32.78,0,2,4,0.7315828330550616,2.566260482610627
COc1ccc(N2CC[NH+]([C@H](CC)C2)[NH+]2CCCc3ccccc3N2)cc1,0.951900000000002,368.52500000000003,33.38,3,3,4,0.7517368740703521,4.605957614874402
O=C(Nc1ccccc1O)c1ccc(NC(=O)c2ccccc2Cl)cc1,4.550200000000002,366.804,78.43,3,3,4,0.5925346514609369,1.6461966412308122
CCc1nocc1C(=O)N1CCN(c2ccccc2F)CC1,2.3385,303.33700000000005,49.580000000000005,0,4,3,0.8730663132524742,2.3381475330109343
O[C@@H]1CCCC[C@@H]1C[NH2+]Cc1cccnc1,0.6960999999999996,221.324,49.730000000000004,2,2,4,0.7859296681802299,4.000531423781776
O=C(Nc1snc(-c2cccc(Cl)c2)c1-c1ccccc1)Nc1ncncn1,4.959500000000003,408.8740000000001,92.69,2,6,4,0.49747884386748503,2.612696662861538
C[C@@H](C(=O)N1CSC[C@H]1C1)c2ccccc2C1=O,2.2780000000000005,261.346,37.38,0,3,0,0.7187437491368771,3.5489697424815834
Cc1cccnc1CN(C)C(=O)c1ccoc1,2.2552200000000004,230.26700000000002,46.34,0,3,3,0.8120531234697018,2.3338877356867105
O=C(Nc1nn(-c2ccccc2)c(F)c1F)c1ccc(Br)cc1,4.165300000000002,378.176,46.92,1,3,3,0.7440300841658519,2.2691480569975013
